Pose,One,Two,Three,Four,Five,Six,Seven,Eight,Nine,Ten
Mountain,14.960639335544833,171.03827164758775,178.7703223789643,179.10679060843026,179.61682881003279,177.26113492841307,16.833831261601816,178.57291034659727,98.33094464787462,105.63854033435166
SeatedForwardBend,32.64509739111304,74.82971543554021,84.3643174974455,115.03207825512449,41.196500102452106,20.062938985811822,6.593575351027959,172.8123512763555,129.1446472165829,111.4705013248307
SeatedForwardBend,85.36267545291923,7.957222717970069,61.27334364529825,119.52883547921901,36.441184473836444,136.49598487667507,4.523609184730259,7.646797935385817,11.11362716338197,95.282714897149
SeatedForwardBend,9.734158657512069,161.94403787533966,134.14920393811562,148.34600141714793,62.64147942916575,122.03324013910037,15.707233093231451,167.4946568023934,155.52568385364268,20.12250075661636
SeatedForwardBend,63.18537401033436,176.15471474791985,48.43639133776691,39.484898499157545,61.88521725344155,170.78560557967103,67.90358054126376,178.2851171154415,21.357408571012563,154.94562878715786
SeatedForwardBend,30.409207937887565,159.4167000613469,117.81061082919193,155.3401748996703,170.95215958289845,154.00220086571812,15.249328766430335,114.7231101181777,108.88950837644464,8.84060682679735
SeatedForwardBend,13.439342145531262,164.84730195235534,176.93529162516185,44.036860285316486,18.98919448309189,150.94085539030993,13.004470129700202,93.3424339861599,134.75890807298182,73.10556998396802
SeatedForwardBend,83.22962139990358,107.7294965067045,47.162258642827446,91.68316225871202,102.69399848849457,70.02833185266712,60.45540709565177,94.8940006103008,179.59231172279965,0.3298181849065184
SeatedForwardBend,17.276710149531745,174.9566510268909,178.31010559031697,179.76093262055062,175.93316595962295,173.285878709373,16.088074164866715,179.48934428948726,102.20211184038612,101.63449863810455
SeatedForwardBend,75.94264462089694,177.19878950575938,28.577282298019792,56.47018829178345,51.449425243541725,81.29615212028722,80.65878021879226,137.42305110311585,6.5094008432268735,131.37254163981962
SeatedForwardBend,5.3847837603104995,167.24058614733664,174.5181515705168,162.5584656740555,178.07523567423388,139.40758952672283,17.83871561897807,144.9952052350896,67.29170337485066,125.10998120666163
SeatedForwardBend,3.133339640190256,114.81207492129059,174.52893867811846,48.317327313226606,21.88489199949044,136.3507614418549,3.954494067561466,93.26401103204303,11.2667294058043,178.3629203290865
SeatedForwardBend,5.501220558875677,1.1505381201349851,25.878361588143147,122.11575253030645,49.144664657916735,141.357962203177,93.66195776587513,9.037426021124599,114.47774996899176,55.2350482135992
SeatedForwardBend,78.0674813571809,166.45011803031443,130.43475054035858,142.68055900052698,137.5396878116493,136.10460519903086,75.6844385861467,73.17307176153196,51.88118114841825,122.96127204220002
SeatedForwardBend,74.24684112916945,63.186861531782746,169.99723752014123,34.236270208754924,93.0000781829305,19.486946826716977,49.044629389608936,14.611636944025863,177.93876846492577,159.071830835978
SeatedForwardBend,8.160016557265768,137.58257560776428,152.95168438972652,166.31919074396544,171.5692950586357,135.99889120127617,28.827598063578932,152.46342775630876,22.52180650984365,176.12122623609503
SeatedForwardBend,36.89534141252166,15.747936787788998,15.158948323260125,92.8697680138307,167.15641143613985,21.81712753038585,58.61140197481708,48.75116270387345,157.19966061215132,89.98764859758553
SeatedForwardBend,120.89812638996376,57.32728971051422,125.36960910030504,170.75760570864975,152.1046982014576,113.99691853259279,72.47836565827704,128.92084449410152,167.53361368131672,123.67450713243437
SeatedForwardBend,42.16692057246026,32.936001570839366,99.54387192391147,3.816973901860292,26.447125330388825,0.8788601867207235,47.98597033164746,28.502440583589784,160.62445788165974,22.481238155652242
SeatedForwardBend,18.769681383397348,122.67987846667911,104.33955580619755,81.2772046035468,167.79637261936995,105.56275376961798,10.531258230009128,81.86401845868882,116.6279330912962,5.331072487996984
SeatedForwardBend,28.12996892976766,107.81530793549423,120.17602716446363,78.75471586395624,47.78551722700221,156.23111177321627,67.83299849626121,157.18526565515313,175.0753627268138,40.221150490514674
SeatedForwardBend,29.343455325563472,132.61942321165242,48.95641570923818,156.85274436058953,14.272092629246561,156.16703286675397,11.641390509180205,166.85126523185454,152.71219114034696,11.460473491228177
SeatedForwardBend,24.134596480414015,175.3619671292968,28.484738006915048,45.303761666147004,65.774554142132,178.09590519725705,26.018280549956966,167.9421185861922,114.4636416637817,64.1666517289177
SeatedForwardBend,81.29410432682552,103.23548379950898,49.93903301187909,45.6408468056638,124.32252006509741,38.455790972176736,81.26744256976954,107.73331795794655,48.52812917822222,134.3537817849808
SeatedForwardBend,148.50986171806937,154.1680730087918,26.17944642119121,34.42194096381031,159.9986062347212,143.30925466178454,9.95802771141061,6.189121051454637,128.70493937062244,141.28121425600793
SeatedForwardBend,108.0569147469808,114.67639696495219,7.608851039978041,6.748848545043906,17.78119025334496,103.03012349066425,101.66722179972975,130.8911563084698,149.91137273149624,2.9697735793736677
SeatedForwardBend,179.752442899808,164.71929655119396,5.265064703218727,6.385180862899982,9.1702623899448,13.582264596218401,10.075792058750306,100.23407070719577,168.46880904278717,172.72293251727163
SeatedForwardBend,75.4922974466308,77.30419505199306,57.412391371748356,38.628427622841166,31.600913489731962,46.493574675595376,78.75556191199365,72.08386059265798,13.097521499609492,158.48939877978728
SeatedForwardBend,127.2691195745919,137.11928207528334,61.23438293677061,22.243068383492233,10.078253238982505,4.379951213957521,100.26244166161685,96.31480997884105,8.337799666846207,158.21947296556803
SeatedForwardBend,44.76591050099024,28.63798349135439,62.06232878472776,127.28087408272962,69.62127562205237,76.85142546307972,46.60097477537056,94.12388523289025,85.23293696581702,95.4058509177118
SeatedForwardBend,34.74244619597289,94.64086269232473,101.45688564355461,133.07485553915603,24.535247891894073,48.76249328206014,76.54797901017061,105.38687981621275,68.90757963761457,126.90113773793624
SeatedForwardBend,85.35025615429248,155.37719992897524,67.16261978159923,153.7617034905914,177.75868951888555,70.51540722179172,56.44562939335073,105.95008782126875,104.08164712486273,104.19408053902629
SeatedForwardBend,67.66900546651067,42.168779292749456,50.94896086917655,102.90279363607357,65.00196008901636,77.52622424293597,33.174301139602335,83.6984067704929,10.361310492263808,151.06160275854205
SeatedForwardBend,66.87976337359922,114.45469060047456,49.05738937897925,63.852290454900945,70.47529913928723,41.39198158129329,57.582541511497844,114.36888986093771,141.51194794085697,23.145699597560423
SeatedForwardBend,53.50287728416595,91.60121338671628,55.07455000707451,169.44134464634263,164.68991708826297,64.18801433575975,65.85385775555947,8.282979563994916,89.36121058648163,105.7688386425272
SeatedForwardBend,10.083408150179116,135.08521847409963,25.129994297283716,21.921959676730765,23.209193849756517,7.715714210912554,11.886377665196086,162.240591811694,98.63533349959422,89.87390963389882
SeatedForwardBend,65.40748233419276,107.61421625524552,57.996896933523,170.69017691497743,89.63365703883717,0.7090131992911246,96.82465520331134,75.86173551347824,0.8550953557880357,148.3635378450913
SeatedForwardBend,86.82174389809254,155.27756439181525,128.64363776997033,168.90069838918097,157.58314323839033,113.54581824793863,52.372709366809744,156.98978504961195,147.14449898486157,107.58401101069755
SeatedForwardBend,24.90641591254236,154.5071363801204,80.60398000897831,70.18999472998742,104.41408185572455,77.37910291791826,23.166291850029296,153.63655422417804,120.464495641476,66.28765801402265
SeatedForwardBend,72.51540185338287,132.15140776815988,51.65572261307993,115.98996932537833,117.01146635514777,57.85774043999332,65.78709997562794,125.87513438508473,97.87320049505173,80.89863553302312
SeatedForwardBend,5.4025395108524625,49.467703344620276,46.47053692242359,113.98899230121665,25.707037104020777,44.82964296094,6.802577550012156,70.41355460525226,43.72381967874514,123.71602607515527
SeatedForwardBend,97.13417177323278,122.9495337811733,42.516027258238935,72.17561068845504,60.51443981656934,2.8486542162479873,20.083493665046728,0.41415363668590127,7.948597788401535,51.91197331567061
SeatedForwardBend,52.01673281547557,142.96170225506353,65.6072526390786,11.218191118348265,12.679463140531457,62.47607671968836,69.37809089731523,159.1512269703433,42.49832612277897,148.9965973589091
SeatedForwardBend,45.8870705919567,72.57103858388895,52.56054757592095,33.03873559770458,28.87274202684788,77.12648298282859,19.946460405639563,67.8708290733189,42.393003692245465,137.79927101126393
SeatedForwardBend,75.99366820515948,29.349559989232947,70.96648093297759,10.598583292110858,11.34993529891702,83.52075891744674,15.68806288321275,50.549353584801565,121.41358517440915,137.61923685021014
Bridge,45.03460932847547,166.4741721151285,15.211286405985836,103.93050554355631,108.07878859010445,144.9280467764241,47.05584798143687,155.43909943693714,83.85102562818116,57.8439621781694
Bridge,109.54503754281906,80.05549161063661,154.8697051463563,40.4343721147165,52.51225032933128,167.03812590306438,64.78642410815439,128.18279705256018,70.15659527246788,60.06849377862515
Bridge,32.75252492830811,88.92117271368814,75.08370179881358,35.401086201859194,35.533521119280934,113.86103608468052,48.05668966484176,116.38090333559532,148.81858710597166,8.627376013475017
Bridge,46.449844985606404,17.227948591263868,127.49080542254683,43.6902358002828,47.300660471495526,169.90837219058275,8.309806555409704,18.549810262271745,178.51807203721978,2.5734187274818585
Bridge,24.952706217028634,1.752595759094793,168.03739642689604,47.13282052545659,78.19390586435094,58.12453950523228,8.246604241453808,58.2429550481892,140.77813174845855,26.679179295102347
Bridge,25.719328744315412,0.03670113580349229,150.5704256572189,51.15948476628554,49.702368054567884,142.02459571054519,76.48076424399305,103.0864942142254,140.1813141223273,71.48629082987199
Bridge,3.2252800093762506,30.82547087879065,171.89203257224895,72.47788408389349,108.9798706831098,52.57814908361941,111.49369173691152,125.23266518175546,79.26220768312733,170.88553879731904
Bridge,102.6596174103884,73.31666497784228,115.71996663225084,177.29879843042482,80.06888421315237,137.72904189195796,3.526589935719645,169.12103530859847,102.28267479279437,51.04334656257121
Bridge,76.704112745071,60.96635814016345,177.11833821479738,43.391557128635725,59.461703409298615,170.81164807822879,2.86898434904972,17.610536704809547,105.7678639711559,152.18985444508235
Bridge,114.07627712609806,39.84335744122498,59.13032846640627,46.82642693725635,41.38345522892385,44.22466269364671,28.01432980332118,64.45728573874734,164.34204280226686,133.3340059667115
Bridge,29.537246082342932,65.0001066330276,143.04158567647008,84.72606337520561,32.74529652696096,89.46194422261611,114.17504656480975,60.4008791976877,37.74243014382571,140.51234189034832
Bridge,62.097595042147645,118.2061722807358,39.27248784016236,36.62906527831916,35.2921020784044,10.763524213447365,122.52525918608607,51.76565542161733,34.099729895767645,72.27904206568365
Bridge,13.474217317137352,167.1774781159552,28.134056397193362,117.39060385820353,59.2560658231041,4.924449028937274,49.6604010235927,7.192830428215941,48.94811284682254,168.10344122373962
Bridge,2.8890579764996605,6.42135842260285,28.120178904126554,37.515920908019154,80.43560212898609,152.8636145053199,11.884115898778061,0.9710729400006677,98.00878036683622,101.73773617695853
Bridge,148.34338891273367,64.179444440652,16.327874163413398,47.06509137806728,49.00373470640237,177.56435855176898,1.935245287479192,57.20563456388807,157.69346104574112,9.280980885491285
Bridge,128.56098743411295,78.71123970739372,40.28214760330766,93.85217761073845,35.25798132519299,7.713476597481638,49.633117418339296,137.73835041923908,172.9494751351646,154.6822232337695
Bridge,12.670355310824583,13.215021474988554,131.49322467836222,49.23400649926472,50.23870849680488,147.9702905710085,11.527223664019637,176.0155429368021,111.25969289349845,51.30968130004335
Bridge,140.8662288382686,159.16684538427793,138.3798663024069,135.21551679019,155.42122905227413,49.15542356579792,117.3793084255393,55.148667280835284,74.1773503822183,80.71907541850734
Bridge,31.406740760537698,16.03744898722177,138.79005263776637,45.85554415243952,47.995198082639035,119.05926118345111,41.743077506836585,26.408244930110595,131.5648128981908,41.31199511773664
Bridge,45.88858773699014,109.2304376494113,36.759937991301484,11.025974024597028,29.761832140700005,29.821502772288753,60.19082490890703,73.1913541380935,31.53722798454278,138.80256399451426
Bridge,106.85713759908937,98.22327090155903,134.04819943045564,85.30095050070028,76.69376666334452,2.27926004946337,178.30479033953347,50.591827970907225,19.38773787769866,107.18603458207853
Bridge,115.56759597583809,99.29614811599353,164.19817813089287,30.959246619165206,162.06495272498987,74.50781696553325,87.31316383284364,135.37814651049595,80.61407154531115,68.38436093852386
Bridge,3.651113621759622,146.09868848041003,36.51475598062006,39.41237153889219,52.19409230210448,117.58502715333053,50.50822802748793,66.63337674775539,150.42735833577012,92.31224853638555
Bridge,17.21429494626808,142.05082539894062,120.2830179641938,130.07552142305914,164.54389657143332,179.40957102558932,54.4017817502032,110.5268091554319,75.33205336997115,5.91631288476144
Bridge,130.62800328453653,136.57162241932159,163.21021666268857,122.51659145548828,141.67733557165752,151.1234466312934,9.413934785386814,60.487469439887256,172.3182079539451,121.61908121546416
Bridge,6.1863801031213885,88.99793448984113,44.973600962050234,31.00691713789713,20.289494804035858,67.24106908810359,28.25976447212287,109.76379566484431,37.84070658987006,112.39454472449532
Bridge,124.80711412348099,115.23488921784799,151.07911825092032,58.110078241095835,26.899277609866843,67.61454707403489,12.16489827421864,117.43098178242992,171.22558782103044,13.969970856356262
Bridge,76.49585414149385,17.070021741552956,100.95865582465635,54.74599485901994,57.08658250808435,97.00322486519704,78.36733371453406,8.936222694957065,89.94757203396308,87.72923290023547
Bridge,72.4370440366525,32.84826510112161,89.89562515880674,18.265417648034088,17.58359841310049,86.26511958859965,1.4213811850158262,94.52914067412195,76.42925485313441,177.19509671615344
Bridge,147.26875885586225,76.14592492120562,118.47502324086909,101.9080037607761,133.43129976577234,121.05827230585801,32.71308367989295,34.82897102965869,32.0419395137513,46.108498704681985
Bridge,98.30206787880752,121.13944645901852,128.20232957956588,92.58171178939364,112.03049092949871,104.95736755724775,75.51698093962472,147.1200887772737,71.1710160956683,85.76937931770189
Bridge,13.37757603189437,82.91905584797554,31.94134844276521,6.869949694006118,11.165441059648769,47.80507058330545,14.203618755161953,131.14118415086696,17.73235901732236,119.26936923563282
Bridge,0.3608976946095778,178.98461591113653,176.83301350647724,161.99721269358102,160.77377666355164,170.00987666242852,33.807412763468236,123.97547903520147,96.9904776254926,34.11805024389696
Bridge,122.47494861148722,8.270426351504472,47.63005098777999,41.298126045582485,43.871462729373434,87.34248692373949,7.070625522431803,21.845049974904708,162.18053160923213,60.64145887241769
Bridge,90.13350075986548,123.34696513227668,148.45244767246064,71.38404625729831,77.78500892458776,118.51163326507802,37.56530845137491,12.405232822697611,30.01168969808168,128.98875912732942
Bridge,87.03192672244974,17.58723991166581,112.8847118829193,31.203407843218834,33.072478208147274,93.97410326564523,91.67841638728609,7.730802136216423,29.529486815653538,135.10980563713508
Bridge,145.06655614925967,177.4484504654755,175.2370331370417,153.17603395972313,129.3575331623366,12.150722492273637,120.23480422057305,174.8749739466433,120.76895987137068,127.51309143560512
Bridge,17.009278045734284,151.53113543453767,153.50230134086368,178.2236126590088,100.00459796918905,152.09865676433395,29.34625361567353,159.9788402698103,177.7444631820184,75.64715893419474
Bridge,12.85194222605659,167.44952521308764,114.53116032249794,35.99222710924625,41.313043245060534,85.11687108314351,86.16934560732675,4.142008091274956,10.229827711956863,146.33618007208975
Bridge,77.38294926024084,45.22453383728711,177.1076854829695,44.06625931892948,58.174597125117046,172.7401166202166,3.0420243958222004,10.89590798468206,108.73336835599137,149.8696553484253
Bridge,67.2493097502395,176.21715593066514,0.05155338846229307,59.54937732462915,80.23976381560497,5.7425504500742415,13.027865404838746,47.40630871156668,85.30496594090096,17.903372498946503
Bridge,90.94080446470541,114.76282148661572,179.92245368108064,40.75079846897562,100.58555712084163,129.98242528470016,71.63022345345068,122.88945131925183,123.02409385544021,51.611531026971306
Bridge,51.669686952035974,52.7338123771287,120.68608000746828,42.44804522923031,44.11164056382793,102.95227390373574,64.13053303086762,34.71981595266126,142.65613345939238,31.470292814075794
Bridge,51.669686952035974,52.7338123771287,120.68608000746828,42.44804522923031,44.11164056382793,102.95227390373574,64.13053303086762,34.71981595266126,142.65613345939238,31.470292814075794
Bridge,106.85713759908937,98.22327090155903,134.04819943045564,85.30095050070028,76.69376666334452,2.27926004946337,178.30479033953347,50.591827970907225,19.38773787769866,107.18603458207853
Bridge,5.662640012137479,83.25370466594129,32.73042647260403,20.45110701058019,55.065780704116854,173.5742704868557,121.40518601598612,58.30202044194184,96.43544423426995,75.10776592774315
Bridge,21.361787537907077,50.93749322339378,145.41982535039725,38.71366610149916,53.396203693643535,14.413329861092112,62.50740216124877,81.40456414586357,59.07395660028296,107.01140383696658
Bridge,0.7033744762973412,3.7656916166995367,155.19353599516216,64.60313168745262,25.27721296343318,112.24899975403844,89.59515109318151,61.02863221485199,56.28863208471132,153.6217909042517
Bridge,14.918829980243453,54.5273700754414,163.57057749860587,81.54558915853339,144.40093337212627,85.69971343392915,0.868946996245499,51.68051137408763,85.13781912941758,90.77037457402237
Bridge,4.590703052050425,24.90115962021275,175.47374605283719,54.982568370468904,85.25214606972447,137.07898514860844,31.98027343060601,40.06529493471845,88.11264598377686,42.730916471297256
Bridge,12.95662608206264,40.5910661284455,160.48481706329414,133.9955041984802,128.72524172433657,110.3089897111376,63.226211687017596,47.01528597892886,40.41647312857673,132.65432079907205
Bridge,6.567589257236535,20.258492328514777,170.04775650782662,54.02817273483926,51.762038419125226,177.34768103064692,97.2575371186661,108.97073189363641,144.88264591350736,127.15575350518456
Bridge,2.8426630204829135,49.443109456209335,164.12863298063277,61.2072008488218,27.927831965015518,57.96712224739837,49.43004955729475,71.65411838873155,129.26952208514916,158.92441930133836
Bridge,140.8662288382686,159.16684538427793,138.3798663024069,135.21551679019,155.42122905227413,49.15542356579792,117.3793084255393,55.148667280835284,74.1773503822183,80.71907541850734
Bridge,135.04581733368136,40.162961866389914,125.6119609985082,49.20200483391927,6.075353895841227,3.2377314294755184,64.95128332818774,118.32482617970807,79.9327479431935,90.55926885037462
Bridge,14.89858473623003,50.48902373097155,142.72498620352042,179.0714818175751,143.5142812750047,91.64094136458209,8.21692270202161,138.4567857453327,16.84942271743865,154.87776963027227
Bridge,102.6596174103884,73.31666497784228,115.71996663225084,177.29879843042482,80.06888421315237,137.72904189195796,3.526589935719645,169.12103530859847,102.28267479279437,51.04334656257121
Bridge,15.596864967246878,172.355510912892,144.60566208767509,53.58984043540601,62.117526188990155,142.58784828459426,44.735752956207236,142.6324734320095,71.758854762731,76.64408351171545
Bridge,67.2493097502395,176.21715593066514,0.05155338846229307,59.54937732462915,80.23976381560497,5.7425504500742415,13.027865404838746,47.40630871156668,85.30496594090096,17.903372498946503
Bridge,8.36624914599056,69.15324096938322,2.5570656921190804,50.717556681683,111.78680461967235,96.26748483214021,70.24128263080993,115.22874332935203,16.096818853295346,112.88186314830293
Bridge,62.027864987595954,33.54773338025203,38.40451284073013,23.808322737360893,23.490062563069902,35.23538996552896,58.1229347592978,63.0221712206647,62.48547199777499,110.76561456730586
Bridge,31.814269998645226,127.27989659489403,22.74411031088893,131.04180685248514,105.59091397846402,124.17895878277437,5.932669051520361,0.05087541836009282,36.813180184183835,4.9267983002625195
Bridge,78.21631332313721,179.92149091269692,76.14269950086936,71.82939065875269,133.02840726644268,170.51775643034847,76.17412864478217,165.59911131265298,112.37749922784201,57.75731006554544
Bridge,42.17460802912434,33.40417334373436,130.87535220668497,34.531274115527744,32.47782085150204,147.46485116145504,2.1153868257789705,157.08734579047325,176.30915877451193,24.779725062700415
Bridge,83.50676309764916,59.451349947826046,82.15762936659694,49.339194219223685,61.22800438812507,123.99763392445371,93.95785661854202,49.87099384800304,3.4524410700992822,139.36636421984355
Bridge,90.13350075986548,123.34696513227668,148.45244767246064,71.38404625729831,77.78500892458776,118.51163326507802,37.56530845137491,12.405232822697611,30.01168969808168,128.98875912732942
Bridge,110.1686367773613,138.44388784141702,166.41950184376054,47.0915366696823,48.3493260700131,154.1996724248587,41.83683361179677,94.74587339149875,157.43306927841107,36.76383046868976
Bridge,2.192038748396221,69.88260826101364,168.0507024381061,70.97463774714522,73.45961175582174,179.0219251059595,9.697920426452491,82.55975324019407,170.22285108282253,4.22766306800431
Bridge,79.93307835548997,157.4929272600222,137.27331090972356,75.04201399490904,69.67413376180829,153.7318718767485,47.635082484016095,176.19889859459056,161.00106037501172,4.819747859126185
Bridge,69.16971769478654,46.15529739360309,161.11081955371242,175.19069686000103,175.63589939523698,163.12192142924164,61.21426839691234,59.752375549100464,46.94251090942612,119.01477832364414
Bridge,17.537237412776232,89.65447987498352,110.99519547159505,40.88943051536558,103.62752344667055,74.08333256647812,36.52887742155718,173.34504847084673,97.50382524486282,128.59413322093516
Bridge,12.85194222605659,167.44952521308764,114.53116032249794,35.99222710924625,41.313043245060534,85.11687108314351,86.16934560732675,4.142008091274956,10.229827711956863,146.33618007208975
Bridge,109.61785762115952,103.33187875957726,59.46134442824522,78.26476796986078,89.23037087187988,74.44911278554896,55.64363722818453,146.35922285470448,64.77305652039396,64.25985831981794
Bridge,56.51972182750513,93.34373261724443,19.31363949191172,89.03297093524375,103.15306737919174,115.38025331602326,40.14014372528642,39.591890782264215,13.128488830097954,39.029849599576345
Bridge,31.406740760537698,16.03744898722177,138.79005263776637,45.85554415243952,47.995198082639035,119.05926118345111,41.743077506836585,26.408244930110595,131.5648128981908,41.31199511773664
Bridge,3.509149059050062,46.130507805943076,143.0558812039523,113.85523016795915,73.61660677424442,29.12054464426516,6.8927843457213545,47.80013804776154,69.69913830790766,145.37289558134592
Bridge,122.47494861148722,8.270426351504472,47.63005098777999,41.298126045582485,43.871462729373434,87.34248692373949,7.070625522431803,21.845049974904708,162.18053160923213,60.64145887241769
Bridge,85.99624881567605,16.784871388837825,39.50810143614479,57.89779685828353,88.9388723810897,110.32426998648461,14.754833392767544,17.869639269447894,156.01321944957232,22.12768813740376
Bridge,112.89433352964372,71.62498910386584,51.214577370769895,57.220883035086615,61.93191643079405,67.47217624564902,91.70230706893622,82.11319730532563,157.22186440805837,19.86590298997582
Bridge,6.4679610455001315,65.50878464917824,92.26939162287218,74.02179783372094,55.861300559765255,19.416835664577587,138.13925021712203,78.04746033882701,143.86801482673962,155.6256619461715
Bridge,72.4370440366525,32.84826510112161,89.89562515880674,18.265417648034088,17.58359841310049,86.26511958859965,1.4213811850158262,94.52914067412195,76.42925485313441,177.19509671615344
Bridge,28.588488981923515,107.63150195751444,69.90879458050398,29.208834625435568,35.59699423547119,80.85611191850224,84.64689043119994,58.57480268185294,146.29771857327398,90.15527575794239
Bridge,107.3457908422999,88.34643800687928,68.94407417081753,84.4890945195073,81.95162267610071,41.14490301404097,110.59056201978711,107.9292115875717,91.45202557748945,68.45180945626333
Bridge,20.12213729333735,63.10596809843735,153.36197692612697,58.031628299372485,32.78329865894024,21.230736649951453,33.80277075393918,55.186069467203346,39.72922889823717,58.986561090350534
Bridge,32.809392563167386,46.98541969042101,130.4624501419417,34.04226597462321,33.41131053170537,96.62104104446367,98.08631338162787,57.68339416074583,67.03801102611018,80.49121059345514
Bridge,43.64744264295417,19.38435805195866,129.1596219449229,40.59176012584656,45.64443161596938,145.55155312588414,74.53517247448248,80.9057839211468,22.533147581182195,95.85166388285197
Child,105.53124887764645,179.17522536097658,73.2515425493313,161.0060917612911,160.90503476643556,76.21787699918039,100.20910719876943,171.0169772779093,141.77661516860908,30.945440359690448
Child,169.4236887140792,3.044125638571717,20.816514957284927,2.016399236021081,4.196807948876536,36.55830887553354,39.632587847498264,140.82991636364955,129.06190342726288,140.0827733710626
Child,105.67090895572953,141.72993880503714,48.682598527924455,172.22762574871052,160.71771675917543,49.09782647936483,93.76896154488352,123.12248088916334,113.44140998356907,55.38974763203955
Child,102.43925410751976,149.62201877247216,63.59503925204911,159.55642593776872,165.63958090578168,34.410054670322864,107.92524556796296,131.04317292271037,32.08936454168256,131.61261650411444
Child,70.31917096491084,167.24802398880075,20.59451509139064,105.51212041413487,106.80955109005055,23.79773043230607,88.9524229824651,153.29396015131925,8.56357734897718,166.2064515610475
Child,34.47103824402517,175.48321274095142,57.93911213346013,85.43529765986091,112.27581511115349,79.97732728566058,43.06414678953745,170.92572183601033,26.540087397934126,162.4541186899614
Child,3.12838318596824,27.25730462417349,2.6424347176717013,173.22057117894613,137.3621955677488,0.628487193158236,18.232547581480265,33.739744010878105,23.146795148827334,170.96182151722098
Child,23.54663105147608,153.0063779377684,67.44672737244852,111.72963561564495,42.57445071248807,57.72579714373797,13.236113300619499,122.7862537557315,24.776625051418087,122.18926375778932
Child,76.13610314661665,139.8492015538679,85.33184739964047,116.91985036652386,7.833164219303182,79.29554392279977,36.912895753030426,64.40653804921432,133.35132531820955,125.45716429922537
Child,94.99598811313764,47.167454766762006,12.641788532067245,37.395820647956704,19.299829935577566,5.610524529258768,163.8694922874754,40.824403313207625,66.31928768081846,43.6816645458481
Child,32.629395255934824,106.86366308123503,63.31426555115918,76.86152302479057,59.56664956509085,91.33454196825069,41.49931447812688,47.737090744931905,128.6184300533625,8.398295451716136
Child,61.249811058422665,147.77291513100022,30.50580139307382,39.02624913888,164.18667289502582,78.18956122872639,95.34930461796407,136.42705879218406,177.79098354822227,4.887788825477091
Child,61.42686618408591,104.93637215614324,125.77419517906031,24.56835997418251,40.539268728688626,141.77265103490743,17.034588638257215,58.57322057642136,151.66411965439775,66.96456517295893
Child,94.53462415645987,166.04722977913775,55.245607220876096,109.78907402826461,11.156475250023362,16.576068465626324,106.05266097932721,132.41563405857522,0.3679383223987635,118.41913543547899
Child,123.78550409731552,111.6377696240151,22.577479595031562,29.7361823470024,49.186579754084335,42.08780321547564,100.73114413600294,88.77136015941761,37.40936688940621,114.72559599842624
Child,21.561826384823615,49.39782314816731,154.88801735938853,59.029902681218836,30.625099343232915,17.057495120153717,9.094493169327691,49.941219346637304,20.041125536501845,12.111253715015481
Child,133.5796127239888,150.6500079234262,19.56129917703176,179.3436547970891,162.98838707684607,1.6779360098946112,57.06302684497315,24.41817393414916,35.03857117047184,50.12650611493466
Child,179.6650938445896,170.27016295269587,11.539516158369398,8.76616953809077,13.937256475513669,18.823092804149788,157.6311868597478,168.65526560390882,118.5214378686479,40.963923254778514
Child,11.968011022396084,78.87177421706201,115.33577155391389,56.53584243662486,83.82002056846486,53.85195861522308,2.827366489100302,23.52200314443451,23.838332040656347,126.21253615352184
Child,100.47949401176231,91.91663358818022,16.39095342702596,58.083660884236636,122.93445541730912,80.06258246624016,43.76289447486086,68.91718970887386,177.67538806676842,122.77595814705083
Child,78.52709417482815,177.43534551394185,81.6900531090268,148.44013422278294,108.97676870760306,16.5281680020433,103.77107194895873,136.22063590005422,19.30943818120636,134.1985631950931
Child,96.21282904063422,158.2555159494555,26.90679796596793,102.71478785203824,45.100154068058,68.69837690878646,95.89495927370943,153.03279453676777,54.04682582464277,122.0438219440916
Child,121.92591264537009,140.15362415985018,18.36983963137392,143.43242955189467,150.30808518101833,12.472104432584795,90.31404975901454,132.78179349951697,47.660521471718866,105.36454661647768
Child,102.64532910748287,154.57975759786424,95.82500047287535,175.00979251247372,44.15144704214882,58.58790624058562,95.92422230334728,67.6884536790398,22.797320194754047,150.54972124350826
Child,58.11054757641094,88.12876283977351,59.142412604346504,148.6340912725286,116.87540455350096,61.29294741635602,34.82454344655844,106.91162995871274,121.01601954074401,77.44365646567341
Child,9.606987585077563,71.92924402724262,163.76041079353607,141.3456139235811,17.263545632852857,56.850477752503885,78.59023772776625,177.65425505315142,100.90878756634777,137.33552230613031
Child,41.6284351775012,171.83762797949436,72.81559676667318,99.5581421049171,46.71883409040715,37.7048457816701,5.103655621857394,29.080532432091395,135.41666789730343,13.640291810211902
Child,100.90423395041203,112.82522268067022,12.875524017091605,24.716837350694096,25.86112670320819,5.597445307567307,117.85169338533996,126.66875269737787,33.437862283146174,156.8142361210931
Child,83.59694147010913,160.23257945991506,21.306957672675342,94.36967373443944,101.19683177069682,9.29140270606812,79.55436831347266,171.7500301455371,27.744836056411476,128.35733203504566
Child,152.08650202692345,103.37593177889765,27.36291573294631,73.58320773663321,118.10687903045894,33.40281414947779,8.055297592803537,37.04170065203216,105.10612516175489,62.761857780631395
Child,25.609099439190334,20.11516074012328,1.1601078580892565,125.57101156869231,134.6737775741655,5.2015469095623,1.0630843351901167,31.91592724421168,173.32515817242358,27.208840116045767
Child,16.96836855097424,140.70477832820148,19.43641885057359,11.073445484375366,26.511300957596006,37.61063990917234,4.944357953183953,170.35650684771815,166.0601815938406,1.6890103159858405
Child,16.9070736431471,105.08350655690312,114.9245264719813,177.75552239362145,26.213701932362245,167.46175807783058,15.515704944727993,118.14863527724143,100.91714912301927,62.21727913396351
Child,136.18739472689754,103.15629225946361,22.007157579401095,22.504380842297316,20.398310766939044,13.126140963909238,135.225234641631,90.75916126913363,21.859592773003587,149.73724200142837
Child,104.07830990094833,103.57825107500145,41.36705213862904,137.74816725489012,29.557702852918617,123.32019866684733,94.15601407862434,110.20944679194973,132.41559571351073,40.63960578267871
Child,144.50894999688938,152.56511523358333,16.03636941684494,147.86951399092126,26.680720676921947,12.501917100094389,122.40253231854854,171.07188186448698,65.45050030796456,100.33561413273578
Child,21.599898863680174,172.43460583052607,79.13796277689616,163.60804411681693,69.8282042439626,37.25658141487556,18.20905497125392,179.0120347873966,166.58225627047122,15.462583612237855
Child,80.73535106675901,122.98165948261146,44.86674843949007,40.646190955212006,4.788747920980603,35.72248134406437,21.212546821528115,62.48710961427048,46.452407880976445,2.7493481672007163
Child,93.89222022128008,112.00136675000823,22.70625704756925,32.966237293345436,35.4790609307963,26.010594025322707,60.99699304472443,130.9006891220539,135.76259242517966,25.031290997169876
Child,81.53294693440378,121.38553307597164,10.9306844847625,27.08340680965403,58.24438150899092,30.089735221087818,14.100920924188546,166.66093403680122,53.07183534121116,50.15714177578262
Child,134.2789084229558,154.67914112803444,83.39272622247648,101.17166790149169,143.5543797768564,74.36360452932432,85.41135902824212,166.6059941571339,57.18445449407944,101.533264630097
Child,2.972857722990313,25.537308688266457,2.2481120579713796,174.30295978037265,34.597951823824765,0.0335428099750494,15.941252519793162,31.75014234120399,21.543336533177744,170.92897637545315
Child,135.8104246220329,55.998278299658494,115.17269703740236,54.444346276496496,46.88529947115994,108.69268331048923,91.3428336159297,110.85678328093981,9.241090341064334,110.02292995194087
Child,96.04541805473963,148.83467415881896,54.90103968247114,37.12683817206937,33.3971555397028,56.035529834331655,91.46865218724578,141.61928803671668,79.50020396571446,97.42238242583551
Child,63.44556904540565,12.9422970237451,70.05750169740558,174.324256008794,165.21646139086337,44.86106529764223,100.45555301636557,35.90237046313382,40.965472397548865,131.50357799622068
Child,92.3134707595424,161.65409351844804,118.0807385700562,66.99882960157967,33.66392053505883,28.197084228919664,96.76183455912138,164.04616633109873,167.46986281759646,14.463262246968796
Child,136.01335692327865,119.39195832350028,176.90349033404175,81.53340604708836,41.2917278566107,133.23510220858597,124.23549178230135,110.1107042992395,72.39092666521064,99.23494726366428
Child,44.548074653870074,99.17970673720218,147.47132263150317,128.87369440953853,125.42166398284657,168.43209184168322,25.178276833497,157.6336146430882,129.93957517060198,108.5375683969713
Child,13.544280516289438,146.95000867364607,77.4517455865761,45.495609995631,45.73810701448213,59.41664720152229,10.24844329524894,174.2437230888063,8.792225634304708,150.41182325348709
Child,99.66128254118185,116.16497535024784,63.787698671239745,70.32402430304057,125.33456544923447,6.314702469997201,29.40196469158593,15.301414454860709,133.1665267443862,165.93295706831245
Child,36.27026061431611,65.30387927783718,138.68587155492423,77.09769650103092,59.682586565786536,150.56364965419655,10.28009411551154,77.93347522010494,71.43686521475102,78.11063724312578
Child,100.59781152589419,129.4761861630311,40.21261458522929,37.06421969733861,118.09411939556584,70.9244782432785,101.80436993213922,121.22142010652101,23.45808765215828,152.29258346837764
Child,83.43860215993833,93.7327918328108,44.771029128011364,152.2966729257836,132.82205031261017,34.00970622455658,64.88320115411202,60.1491880392795,58.35290065056659,93.68910158739065
Child,58.62343175272039,156.6816589265275,83.60556236931104,163.16439209158597,160.53466006930532,33.767252815983994,104.97405147150212,139.53503951057948,95.86564728836534,79.75225511945604
Child,50.93077256680494,130.43720980724976,83.06122754416141,17.954786490998963,18.040361819166122,107.50312719659374,40.02581413948047,75.73707192641217,127.5695403158679,118.11247094545597
Child,84.74144483322506,136.26653601924394,100.03456075255315,171.0916725309376,150.72745223192499,104.73708256326309,47.00394806783176,113.03582723449375,108.27179139978153,40.06407421297427
Child,18.246926286266458,83.22125272531582,172.44533174347612,173.83278217572422,141.49876244219132,45.470815601532976,94.0437809316506,170.94791884430572,114.28382239143174,139.66948527893368
Child,47.589139082349575,156.64610315755223,68.41012191500334,10.910086932522702,13.182523596286671,73.23246040334153,58.191220284069246,45.78658820796301,125.27280566895398,30.958047673193793
Child,111.77639115423841,12.575554331507124,3.8394205068607503,120.73909770219251,12.029276293922342,2.6802602767572137,91.83358868424126,126.40356060992976,152.82053821208527,27.01624710312162
DownwardDog,56.525814277936064,161.77896810664967,35.50268125344014,80.76653244827767,106.54126021996963,7.2095990979410125,10.506347742055032,127.32790003003049,143.43971699022697,12.159523302169951
DownwardDog,118.93783287394523,107.78246807894104,13.381042698753857,26.073858585205187,19.97042782434704,46.431899473082076,50.52879902955465,109.3857687095955,26.0040889891296,29.496712386031813
DownwardDog,35.20534811206533,94.35580157593944,2.2703216603256013,28.036229167954257,116.28345660346565,73.72786826148378,55.18789699771116,160.86846478086142,129.3680729366087,42.59534241712405
DownwardDog,180.0629881861985,8.626284435827202,15.47788001319532,69.45887483053208,28.45944172538448,16.217357685575646,2.6424269162331058,38.33552031648374,132.5079067362031,121.23065288514842
DownwardDog,156.12402087982943,24.52795848902116,9.59415158891796,72.86669118372102,75.88118875916021,23.97241510876961,60.07093173225041,105.25067392739754,43.70627023488421,58.740602279855615
DownwardDog,9.101884043149354,14.66614937340157,158.38664307632672,6.226517817959992,96.51011768747037,167.06334535125814,11.93925912793877,17.427863130448102,142.05842460854834,40.97576343094478
DownwardDog,69.03257456951178,12.462292166590993,65.58099091327536,70.20639359049825,110.79286219418451,173.53920847940125,37.95701139218136,97.35196434608216,152.47357785526515,131.0384671362909
DownwardDog,153.9181138278572,40.31596197447515,19.804246151484115,37.96190463161087,1.5622777746249685,27.165777598744278,124.86576864463494,113.14397782566832,72.12227526739514,39.660255009358295
DownwardDog,122.43038530734665,143.60214239033547,168.85001006683584,156.27225926164067,165.82013738521294,165.46552692350696,18.785095397401832,63.818814836664075,29.007197272935663,2.1662992085895705
DownwardDog,5.608139645080452,96.10060525417354,1.0480234645891633,5.761328784883432,3.0010373164398922,1.080990822009337,0.09646510124148465,81.51741170694757,7.398231274512947,179.59133521540465
DownwardDog,89.66731514074027,58.43222711627021,27.708033008812585,84.36859989695279,110.62859330448018,133.98542974078887,49.125744909296934,41.920942147270935,88.33383448568401,4.790155929941485
DownwardDog,36.91601334189667,125.48378400746209,116.90278624982552,101.34606729450783,93.45093412397927,135.1790979816274,54.04113927484736,99.32001924583426,86.43562748339625,45.0938219511937
DownwardDog,69.08021121646942,44.31233356707133,12.223911943199285,58.00326088011651,64.56318374021717,12.18140721901774,135.90749994914052,35.50717358303139,35.014043916539066,2.555403102814574
DownwardDog,96.1833160601575,158.97474513485977,40.06186764588588,118.91229711263517,16.472090486799967,17.859696528819796,45.56146874686824,129.54686470115553,32.076089969830676,76.58585699725037
DownwardDog,43.41367910862222,43.77776973405292,2.8334703343125742,90.77375713599454,93.22305217339346,2.6801850358962196,30.269470935670153,55.032224370142764,155.82447735658272,14.373585637157719
DownwardDog,34.59939162936432,170.08949080294133,41.43768731327919,5.661451193947806,60.012602924677196,13.656076146217712,156.3423050431458,12.501533868895512,3.5472593328644684,2.6788917202927855
DownwardDog,32.76101428903389,171.2945984125702,84.6112613160198,134.2526232634985,86.65873725808257,47.24830678160609,82.0245158456647,140.02712939743435,123.78548392198648,20.72997216395696
DownwardDog,143.98574509676766,15.23847925555699,30.04094773652197,89.26183989302112,1.710167034996483,47.64911701193472,124.44424577012289,16.76769039978164,91.99918372516984,87.65172209752504
DownwardDog,43.60401790601327,162.72516030079768,0.19082748861320015,32.44966523926771,55.95968061130737,5.357462599181659,65.39874924781697,166.39324409369638,121.56475140593525,54.32490552217941
DownwardDog,10.056449475933702,157.75502991244372,169.48551249451157,158.97058878231584,47.34000235835867,171.40927065017362,79.10966747470498,169.81459811034952,120.93760850846708,121.19995911356422
DownwardDog,119.27676715009311,64.17499063063231,11.803292628375651,72.45726635795681,81.9404047064223,11.228796870065347,133.9720378327809,22.94029894666279,72.44105049216392,19.232227205797933
DownwardDog,120.8676742623734,99.53451383528174,12.934096864813075,37.446002984210864,101.5838072919653,129.97702909877225,15.010360667176105,129.25479698047397,163.2317178558708,116.42302718317262
DownwardDog,114.87364513045134,123.08928791460247,40.528113316749256,1.2422751661409597,89.3529877094557,6.9576852155488895,154.35248077889213,92.48985187831695,0.7863821568420475,160.34797218777686
DownwardDog,95.05911654586224,5.439092637907266,45.85471650233965,46.13132939694746,102.25338203909246,29.84433267753007,24.027343020646377,110.46071462649856,131.25930368533258,21.357365462841447
DownwardDog,108.78525472709515,96.54767530440722,29.963898867831794,52.630018674988264,39.617448319642264,29.136329389721983,46.383708089154034,145.17296421394042,18.76357397606301,2.767912188787605
DownwardDog,62.58847030966678,87.30856533698606,65.9902020592755,98.27002454475955,38.86402166708202,67.28420990019292,70.01872489746434,26.906396379605262,106.84092023113395,6.205849023351743
DownwardDog,111.28626859535966,3.5450181533376295,3.619854691536536,9.271926173865662,68.95063265017926,14.93031461165282,123.4765640000895,115.05129897884093,59.40422123867767,5.575247180040148
DownwardDog,3.1729266253074737,172.61858011836492,14.580942285577388,83.32368532716761,104.0234637656812,20.179980758496168,150.06958641758354,105.56940899782111,12.706771063234873,2.277958594856639
DownwardDog,136.38106533985612,6.419766694553518,20.475636251672196,47.64736692387189,40.404385689374244,27.387340182441392,108.43385303011027,12.998968875197024,89.70934196861091,73.41562591276684
DownwardDog,50.52798319669054,147.48603053541854,6.686022165510898,29.41648294783531,24.801554506567197,8.519716631945489,73.1131687336368,19.322369734838425,119.22193890613266,33.82633898882823
DownwardDog,0.5612548729016114,74.68077779183174,138.36654640179,147.87065245646428,4.348269526876944,1.7085714330518287,26.059230089519673,65.43580624110612,132.63758326887924,9.140620932886986
DownwardDog,54.99290979288141,27.965055650513218,5.507330694719902,19.191381831468895,14.211351384482612,37.07715917437775,17.897669772794192,62.513064338472,173.55642703083976,40.59448842916684
DownwardDog,98.84821166009358,173.3724460545853,34.96839963131153,41.704710064440576,53.465149534183965,54.21003754668087,1.3204029281897147,76.59880577947246,135.09786695769748,117.51818903091528
DownwardDog,14.273935687293799,5.702734065531579,163.04862762002617,61.403591585745325,16.65054078202482,13.556848004617418,148.717595769609,61.41607364020688,56.858220853442816,65.35234883500183
DownwardDog,98.08707694961382,66.49834005148084,1.9388183655921332,9.898859030722024,99.88455133167038,3.1183879646923405,140.3732271147846,63.097523017140865,20.40859916895151,41.7096758243685
DownwardDog,7.16206766886457,168.81774679293773,1.081229446366862,26.875500232358544,26.191166935365498,0.6678842473941352,6.407163716867828,171.05938158071157,157.44273505309164,17.722887301017558
DownwardDog,39.09781109803613,133.8704746163887,8.853538673231022,90.46411776612469,6.372164707656848,6.373236799299126,7.867577153143472,167.48736367253503,143.0946138554335,5.692999939801401
DownwardDog,90.97479512856418,50.354918956838524,9.30828813308042,56.54748983305992,54.023376331038214,108.22545005438941,4.220713077910729,113.73243192407621,152.05113735918295,7.913837324359157
DownwardDog,16.407188018418505,69.31221218052644,2.73646672524497,26.706700774673113,27.974293290656643,7.171269172597104,159.30236541399654,35.82112407038836,56.36327319909331,57.43376047433534
DownwardDog,176.69248545393927,7.337238078473717,9.220728400501473,4.827594526917248,35.1225255577759,64.66758029267584,46.06386218553719,24.141313437832324,158.54098312738833,4.101019406850258
DownwardDog,38.23312631875203,175.5790898675708,99.57188754633609,144.64455371120073,133.64677964453637,102.45833423488492,4.423992052533174,133.93500742996966,146.56494889169366,62.83066330606626
DownwardDog,64.1796082212014,16.32101106509236,154.0490697576652,161.9087524646866,166.4391429237285,160.60174504359733,147.01060622442895,45.43676226356503,51.064682973733184,40.41681163994287
DownwardDog,67.22882456049457,31.0174535002787,159.03591514419975,107.95374179279133,138.7101828705387,119.10586611290641,39.49517187925754,124.60069760025937,138.8447292912943,73.22844596362644
DownwardDog,152.39197464071097,8.192695718597225,11.70948046480541,72.11045519633349,65.99573919186479,31.74567713246185,70.96995542736056,81.5720519262288,60.60568575657523,53.88134587927083
DownwardDog,142.81810394282664,33.41885869268534,11.186366145854853,5.65622835063749,3.9912359831864497,3.8390241350999914,174.18606587591898,90.32585119663399,78.8701277610287,75.94861934181883
DownwardDog,164.78380350874068,19.710725585377894,1.8640306048976483,1.3686875185886442,50.28557900818742,16.049332231000676,98.12571059412761,81.00762504718702,62.097797047066926,66.68936643063725
DownwardDog,19.163150519924823,176.26273094985777,1.5132443229465427,45.93888062077072,147.7686668690258,95.11908036145972,20.007807194789827,169.45930600417236,128.21547774231786,48.188256888064394
DownwardDog,13.581573893966587,51.83272847667463,120.26727795218171,2.356849801909322,50.1417353554736,4.206151816971059,124.06434897749025,106.89828633483441,60.32691257393638,61.8993929677278
DownwardDog,14.190792422289922,24.419813695811346,59.68535520264841,56.7584691574875,4.721916244266066,84.42363034269417,105.38520386846261,100.50014766085695,7.67795280592531,153.73741394220403
DownwardDog,121.14281093874769,4.8261155784378955,158.63884686079754,124.31945871468908,111.54225462984775,12.702733242741585,145.09062745568033,52.66629295329396,56.336389844764405,94.04835956556305
DownwardDog,33.139250572701634,153.56862649109263,28.992927432491268,35.42291230462122,16.80544428130103,21.989279513718568,57.51368005937773,116.44921620698253,179.02900040065575,36.20698662222983
DownwardDog,9.76240229744976,152.67823236180993,139.40197642148084,93.38047832375744,115.7269643405585,107.2279290105488,4.979356214957153,151.24148436337205,166.05391401021666,10.445320745284075
DownwardDog,172.5305174340561,49.44406082568488,98.04940318643739,142.18436026980453,152.9385125560034,124.95740072546556,118.57673071442883,89.31258326209517,114.21568052528264,29.662042679256455
DownwardDog,70.24218827796706,166.62796014490945,3.439321085003317,58.357322382475914,70.5376573844814,4.484968021108157,173.9090169667901,68.80218913936557,73.5618593105765,5.26257676359049
DownwardDog,93.60447665555955,91.1176831159344,18.751516682199405,9.440372531182849,123.15540402743278,8.712864407831933,123.90105226675219,93.79989642095263,148.01289893654197,53.42032974183884
DownwardDog,101.34716930797701,144.38641678332647,7.465861758718741,12.612222668527702,70.86490523775016,18.899391530711206,87.4929568758713,77.81591349941874,31.869779075204413,7.967383168065593
DownwardDog,105.06774566104036,26.622338155349937,14.246036580635712,81.84211569504471,83.14211169139367,22.3699289435494,131.1907927252257,110.24787674544238,60.875158355030926,32.14325510682482
DownwardDog,40.50297753675246,165.98586814762461,145.77813385988202,58.68102081906773,121.87503341613379,111.90539880339631,38.48298800154921,90.31461777909594,86.84395997156142,124.11194791262886
DownwardDog,53.67231250454953,2.8452125535972725,122.16562257120817,55.79284569300579,33.93788904145507,125.40534766468055,17.357304984905273,6.340232831337017,120.88599796644716,48.374861408576756
DownwardDog,67.21387374029494,2.627482492768144,52.53487483321842,57.54379672412963,38.091194829980644,122.10521100387486,101.57259863629173,114.9139221350315,10.688517178535086,164.91979718803034
DownwardDog,15.124604002247452,114.26943622722425,133.9352929442579,49.05934418565618,19.448249893224194,6.4150788876815215,111.43009113223414,155.08706495848494,9.815073889887188,128.53258822384782
DownwardDog,118.98242601192364,25.736949052714237,9.694246097609584,16.104584632554754,19.283019253369176,31.18537049105283,88.30949905362019,130.863192612462,152.15064527602772,22.502054473681174
DownwardDog,151.4312704120713,69.65533423326619,14.19992893591195,55.24014647531829,40.05414584185818,3.2699867897077826,178.1624866746577,8.658704336792885,51.357831952801526,67.13282455570992
DownwardDog,4.871050511435102,60.33464918232035,175.59897235305402,41.737942764353775,66.76994840118613,10.160287291543456,81.48312860923842,108.6355414483271,30.070316304901517,98.61873762919006
DownwardDog,130.94390359195066,42.32685327635377,5.3773224591239,68.27988154438864,44.59823176565893,15.510264784754876,100.66376807033933,89.83313227724565,46.96792284835107,87.0558489117482
DownwardDog,27.548801645483103,171.92347662904655,6.5973390892921,60.82243316367408,24.766386177603977,6.299955128415971,115.30444873367276,163.15273346308828,169.3707177119538,13.098445310692291
Plank,4.632765596859765,79.75311396327528,126.09552784740427,168.3878963431337,98.805106952497,136.47322329702078,32.21066134992335,98.61364863429195,76.11861352576724,123.59729556262641
Plank,9.98188601135741,166.48980524126114,31.265343071512774,111.00892815827655,27.436906386309047,25.7274398550073,3.027595137135992,153.53809909924348,108.51745124083426,50.13319497126962
Plank,1.1861474330113757,175.7709231995758,173.8080050972559,171.81796145599944,167.83381636994113,147.1693908032925,13.973032606490692,175.55937113741433,92.62686622457286,89.33458381388238
Plank,33.18034894228331,115.98903207176105,46.679633018236686,131.54950076099726,130.0193455504547,54.73601532809957,60.19480893918861,153.44407245762346,107.59010509655474,43.82371002030106
Plank,53.594216178079876,110.33750865162695,48.04498873684141,110.84400236545821,121.55281348165083,83.01841023672807,32.5753182393023,159.4864267000204,82.3375328745362,97.34832952618031
Plank,12.422596534732527,16.00618207533861,9.928380863497525,161.4234685764992,133.48457166264745,37.43088484257833,4.740721980281842,4.460839932720134,36.30851743772684,134.31788572319917
Plank,7.006653133820921,166.20854697368347,16.54005444063114,113.34551228724591,131.2706690182669,27.40263195905152,8.51482185772078,166.26102653417485,148.80856273671137,26.306151742144525
Plank,113.72680580303798,171.26882002684044,143.19015630077496,93.99342997547855,86.68928935818288,143.46937998010375,82.28916162091869,172.2995791893751,140.38207687579563,149.85161902335065
Plank,62.89929757632017,50.19292150622973,72.93503939886072,32.28183940642336,123.70075600305331,168.15795135511695,50.96598618396032,29.90398436199224,121.90451582817211,54.39615533017269
Plank,72.60415084032579,88.51263007102435,56.30669245076886,81.65179006288307,68.19944737019381,98.76474790564876,71.74039449465978,12.843534027470463,45.49543516219343,130.43040783384436
Plank,61.36789718368925,91.7984342254149,56.93203404892908,123.59101038946092,62.4222803767116,0.27813550016732785,67.1768534229629,158.70968007799257,108.5114115643868,43.938386620858
Plank,46.28591488722291,112.5862596495529,53.99378794021954,110.95936549459273,122.92125901941978,80.50738219960203,31.459627357426697,153.56791185417714,78.6812079411776,104.70352556536281
Plank,34.37558762361902,139.23159264209116,154.85603257273874,63.90190040173147,143.89408508258316,72.16543625996067,53.35497034475138,155.99330546608994,99.03205867897061,94.09236238701673
Plank,67.69387006599158,108.89447842832756,144.96701254355835,164.3440093134232,155.83828391233874,98.52026288595506,50.91798926147232,111.69041693898788,26.53430361520125,67.1198690618377
Plank,44.45914148698194,159.67438631955997,71.30661775644572,41.17833883380956,144.80826589139394,77.91211142714377,50.89236429170467,166.62066805939986,46.43728944347759,135.48454890148844
Plank,10.727615901030603,177.5692944702155,62.0727683090327,143.67663343061082,129.66836423134282,53.76341662232739,57.60480895545192,152.43892284478608,140.75790246002538,80.45858836573505
Plank,74.17035243570923,92.45038557975307,35.72219326162832,118.6970267795427,127.83970324642058,75.07555620137312,40.295603875711144,171.53785753777413,155.88747655125624,18.440812150051908
Plank,34.49145057791279,160.59373200582547,173.75893395220058,46.833314166182284,51.06434184718423,177.86941802315857,29.004611415102513,167.76643090378192,113.4719088324121,54.87119027130386
Plank,2.2403169962208143,80.4898075170933,53.69026633468582,132.5394085686361,128.44997006702985,53.347865816401736,51.24951369372126,156.16350998276064,127.02552405292971,2.998142632523672
Plank,69.24802737259473,47.29891268495018,10.69549843658622,11.390875654898316,173.16130394610983,177.7157741556443,63.004642205285954,50.4824940276228,160.1046400443014,18.61556015857511
Plank,49.60702870046447,171.55191518025,94.01465389873525,176.18962963292375,132.95611229110224,54.2660050465655,36.788797793792526,169.3195532550224,106.51755388685719,47.714528174820266
Plank,11.593281195656536,95.87058309607849,138.19202480373258,85.16223371225512,132.2352988790063,148.0470365159516,4.671312010069851,84.50089990799525,135.67049551366514,56.059062732411455
Plank,35.15906988874117,75.43519036447165,60.681917547924364,164.2224399270029,128.23118664238703,50.27359309947015,43.376860497178335,27.725801629809304,74.12793817367688,85.53190385561369
Plank,53.39885568501228,164.15517890931463,69.88767372959819,137.20292375637922,152.9590768829774,74.55542425297689,65.12503032585705,178.3126542614067,116.3036687724257,52.55811948237094
Plank,87.0299815930827,76.22578000203262,53.110023475156616,29.453189174131168,144.34805386870693,136.63121979641326,91.00240041110837,77.82719270184457,39.878220100486686,134.3319272272108
Plank,9.037055314783697,166.3648818670912,112.71160149117075,166.6784462343474,149.7227933734365,99.60588073061989,20.881760179438988,52.57331582850743,60.86080403331519,134.71441268995764
Plank,6.269500581543928,1.2618628669650163,169.1034217062387,175.18149677543593,171.42028154689783,174.3170393762319,5.25015393220744,175.10442958108052,35.00907407045878,132.43787877888232
Plank,64.16432080614322,150.1716592497948,175.91438568003022,63.30844179448598,115.13191673182178,11.509070363506483,32.34371274277985,114.33641512700503,140.35624581034935,69.33030286422185
Plank,39.850563872414156,75.79945675229743,140.90061538048573,87.4387610190196,63.97208511064286,60.63012344381331,16.73241137430656,79.80146059219551,111.05245242389925,37.3138393634192
Plank,71.95316274195638,99.4565783604517,71.24088189740387,154.190233887902,155.97489216630723,75.83530928020394,81.54208313203826,178.6247220210303,100.81423484348952,69.52312599854979
Plank,14.85224336654905,178.54441583854432,33.36727763207642,43.62494843810053,10.430789302341763,156.04823113705677,25.92461940417543,156.05832341634937,103.83714113305041,79.79012567287722
Plank,109.5641295244516,166.2312852722882,46.15722848708758,141.51012538205663,84.68762779802323,139.31793527769182,21.26785008188321,152.72741254344538,58.20090423619923,168.693455052053
Plank,11.040109132414635,93.59100710157384,96.47921667169301,1.9609384606782188,7.874865700346058,129.0634875366948,75.8520229498037,175.24385901864784,123.57003408759273,114.83746303254523
Plank,56.386271314980064,39.33459277181348,80.09708271414097,176.70567818728267,129.20308164757898,50.79015841056113,92.42329030841111,152.19647765872563,65.78054826787229,78.62466142027192
Plank,108.4148621003934,167.96873684299044,92.80891562880387,98.97732867456206,5.0548788760506715,36.93677335534507,103.30641741466978,170.55046918500005,42.69052414923549,128.1713126915523
Plank,32.42178732814845,178.79771349992652,131.88195347837274,157.0982528001568,175.89411688974596,133.05297064936872,16.01606234382041,109.36036566118477,92.84972786188361,130.9834847893762
Plank,58.52664112786151,178.54566488277555,53.40457086540603,29.88032391415641,169.05426702419132,157.87192594778764,54.548997597267245,45.15808813485406,127.23049165534559,44.1496401905385
Plank,41.57786051501495,139.15085088527167,75.51180166567592,160.9601575174352,173.95329263244082,145.6820461760837,23.72655392632822,114.50233750286353,57.23446249418643,145.47450042175956
Plank,26.133293347627824,21.9040953723199,122.75454926158869,176.91430161503354,121.4992736210353,134.15590552804028,20.329857629966888,106.4536954774526,88.81579899777587,72.07182589109962
Plank,40.24307014255477,158.64925065806855,59.210293148960446,119.51239920155622,121.95718794372841,60.25815002154278,42.23056958120845,157.9331193504545,73.73850080763172,103.49534877100714
Plank,43.2043621143494,154.66730009370852,65.18215079564723,136.19481931396516,141.99327072464916,49.95769479271696,29.724942639806464,127.77461343115485,71.55883853052704,123.38806703044969
Plank,2.138309616412995,168.336084702899,51.25671760791382,124.98217521286858,113.26241962350748,44.58555489131866,93.21444096336411,159.28427753157646,30.543057769465843,56.76548640936913
Plank,39.494812248586726,140.985711101741,166.33644175110177,169.4613593251966,158.3437476797212,156.09325438461582,36.21871255331262,124.65356502408616,111.62849260949726,117.5119048890707
Plank,89.67932877507847,167.32393833871313,53.490422993934004,137.99529501587642,138.40430887170206,42.005233880992456,10.755384190014128,166.23859997134304,12.371039190488828,104.2564232333078
Plank,21.308290690083933,91.27641874061666,72.6979009727799,153.25957602342137,105.04382311561562,78.32966411302,35.74667110535745,2.213710174651055,42.61082024025018,75.28130314779894
Plank,40.600298479460044,55.24061904688359,106.4752562147394,167.66733894434137,160.43580035857536,123.17016496124437,33.074962559786805,176.5906063437564,67.98930469815068,25.046522237594658
Plank,9.317485662045021,179.74200966961186,170.12014267247486,5.571462825093618,39.171490905010664,172.7004766080213,13.89591763947121,44.995891337722256,47.732723018082424,134.5672245020229
Plank,7.429971437430275,22.087758403660235,167.52564190096277,177.8132934148338,168.067698950941,162.47623957813414,5.962212996383982,47.61505416784908,31.881197492282144,136.6983492212749
Plank,2.74284355595363,179.85490547320268,53.59517284535046,159.10882708923447,163.62054516255748,43.253809563021946,10.132070917495396,173.11435810470874,1.4328187780297377,173.211784636965
Plank,12.583846001535395,153.61692764028774,83.47608579839353,169.10070093909707,140.99204132702016,82.23771334152391,38.333618849035275,162.1689032515593,108.84402921426282,43.03919177963007
Plank,28.590919972758225,55.05751633411338,57.00729504581653,95.21702414061716,164.041542318028,135.81121516664746,34.1702685010546,167.30736355840224,49.085073385043316,71.90390333353405
Plank,122.63540312194854,152.42711615813496,50.32850197846238,128.56108238315076,137.39216103339615,60.21905690743986,131.4593481602248,115.18441333889406,109.28481865962802,65.91174147038076
Plank,69.39021367018711,106.8230372630309,79.69868045761933,158.5543645363199,174.4817443909083,63.337554159775216,7.712210578007188,162.473420413798,82.28005671249757,149.4250785061683
Plank,72.91716414041251,177.3513091113961,50.14778195733537,39.25994247431294,119.50378768380943,125.31325960111921,67.86957328120899,174.86206815852574,147.50712266423182,25.715017319188235
Plank,56.6473766423846,171.14171018128465,94.11364067224328,157.10053737420418,163.39656304560094,90.84094663824561,4.414026257592201,176.3830390607345,140.96534860143188,25.805039519424696
Plank,79.39595728523216,88.6399804673725,60.937946374948716,49.3543871048286,46.72499174791073,75.34744089210297,90.6792718411457,74.14136611116461,171.6615473994972,23.01955970423631
Plank,18.4260347246132,87.57765476753282,134.896249693339,10.245895716263487,152.49087784527765,46.90305048156922,64.31775986732593,120.46557101636594,73.29438957267082,133.0230502727436
Plank,5.382512207222503,136.96876230107537,162.78022906991268,177.28940895123728,160.09337835597825,65.13785276980062,34.49099084101269,116.91465600217639,132.34296187898525,32.7961934693235
Plank,34.95151044811749,134.8813072414262,167.12837456652525,160.8097166429855,166.7127620728155,173.15810609306993,16.221985457109906,129.35770871878904,115.50735723730403,100.87873310348068
Plank,61.27043944986169,107.3301425317699,86.52907393164627,25.24333469426265,126.62486533560386,173.07346720305665,0.11238511260132103,90.1971765543994,105.70542780218163,133.13041203959074
Plank,75.20389464915604,104.7720468117286,31.895176342598067,122.91807348497915,117.02727009064402,32.7566746923538,72.66667831350182,11.781677322840064,25.048171445671187,156.33284871364737
Plank,27.415218988630855,151.61136296466324,96.03076974622468,135.22837407757717,150.39253404658447,99.64524924334907,43.74595806894384,177.90681023491817,105.80173267511121,60.15294345142546
Plank,18.80129454821784,167.1394613444454,17.81458520572373,132.86685760307424,168.06352565959992,61.345234843019156,17.05093140942029,146.02473187759344,155.51264295444807,13.957836014565444
Plank,43.731463471687704,164.57362358807544,87.78649063193804,140.5152811758478,136.70993388911455,82.33994191810532,32.2624476276164,153.71209170346097,140.4455716555896,26.963195662478725
Plank,53.39885568501228,164.15517890931463,69.88767372959819,137.20292375637922,152.9590768829774,74.55542425297689,65.12503032585705,178.3126542614067,116.3036687724257,52.55811948237094
Plank,0.04867623944795497,99.54229775273267,161.91934024843488,162.79908402586605,131.99074527651084,67.93126826074244,46.386215103092404,96.02723854017951,105.59192124174494,62.6625691170463
Plank,82.46775399601317,47.97573913246641,166.55473400306204,132.9478951565892,161.63096257612764,67.32458741311088,83.64072384369085,54.60287362044774,28.964422903335,109.11804436005858
Plank,61.377619234503584,84.5411337903185,44.85724277999201,105.03922913446438,103.11635201708228,43.62147480685707,62.5188750369995,115.248487797129,179.10156030391101,5.101610178841625
Plank,49.961163006665586,160.77372600579153,66.61278689736363,147.98410992711194,155.05887448016912,88.70171932395412,35.871186447179305,144.85151003382737,85.75425072903731,85.54483249175951
Plank,11.412501831081551,160.07737515385588,136.17887254066824,165.42294453628398,142.47613661862778,72.84309548099294,44.96288246051041,158.16876706547382,53.70161713923702,128.8726059876165
Plank,2.027992567253384,176.16569049947867,5.662743847593748,11.591197291776181,167.5063849307064,163.98608243731923,62.69068409259986,63.652497276160524,109.83791740382387,125.54053115135801
Plank,19.957816780979687,146.83322909372134,22.83826304804833,4.326015187262293,105.53849217191386,90.82109306868098,26.677113159590352,179.84920559138263,10.939862068360057,172.1711747710464
Plank,71.91838614141481,31.262755350351576,171.45126993962637,1.6279181740199127,58.335533721106465,178.3888451557106,47.774122238383995,37.43882063850318,67.4745234145201,84.63252859245829
Plank,3.4902243784230547,167.45629585502022,23.053586978570383,104.626411860721,3.762805922729174,27.660779482822168,58.99086328203686,81.81079061881026,125.92972148830695,106.51067623940293
TrianglePose,82.59770085465912,11.567531101578298,51.93098863063534,160.53626656202593,151.4280445640096,41.544907181539536,64.03708605493495,5.048501764532025,138.7596891665284,33.51399744853983
TrianglePose,86.90693155512928,6.369925145442846,16.421704412264162,116.03139765068305,115.66290512449065,13.604390506554967,97.49895239046067,113.09481327885464,9.40915530018995,172.57361517972132
TrianglePose,57.0256002831331,22.40517705506469,41.78204906943567,149.77706405940455,160.50216477072166,38.2922775534019,62.70651128646503,24.82067624669519,79.23133982341098,27.478259942433176
TrianglePose,79.0300027234047,177.34400919083822,69.18121014227984,159.91252627777504,143.02462615419546,77.85056736071057,57.66107310796804,168.461021279557,105.80543576608468,74.95128441714853
TrianglePose,115.79249441672923,155.62130729171332,74.46073358057004,155.09496428734812,147.45141615958238,68.60688965778822,121.24218174293826,130.62747887399635,141.76972756395344,47.22436099889708
TrianglePose,109.53058483998478,18.233802617639626,127.60757844997944,79.89149484657264,165.12340358211898,64.63311357657517,86.26365675744582,173.60905581968657,64.74690212471869,93.48866047262146
TrianglePose,0.037589061449122434,174.5920935353698,173.91722897163427,167.2587794485918,159.49912251565215,156.14289117066065,4.971896584642509,168.1620358611767,48.93241134431674,122.36694175275662
TrianglePose,57.93194224645624,163.33025528106964,76.22245630195295,142.1850253197417,148.28936878403704,65.50003310860697,74.59559603569724,179.91323457454612,18.632946554912564,165.0409583077787
TrianglePose,18.27073861259682,174.71005628893877,67.5522355891415,52.209550016323256,148.36144829408667,61.48975255855028,80.45283335101333,179.94138123808193,112.99117649237054,117.90100035350493
TrianglePose,169.5961598525373,36.261393218020785,93.82548277240173,101.827745301694,156.1335327015708,75.43468530903776,51.02575220592416,179.33278604732058,56.951162624868985,10.970712823883382
TrianglePose,65.32403543109355,176.1974437250202,60.07106600317629,120.46816397859031,137.06697007471442,70.92633886321603,63.58736338698981,20.50484417834796,90.41190428229604,90.00647662868994
TrianglePose,17.109181335463507,30.846739674972056,157.62477142649354,34.41085060209159,43.105665181983674,155.28214034338004,13.852359680446181,49.8720287630411,59.0284018366792,99.43948131649736
TrianglePose,121.58133993598399,79.07824783187864,82.36350144013872,131.3061912384763,136.26439859107828,65.14239900655882,7.850785229759472,152.2322335865731,35.04219984259942,34.92667206468252
TrianglePose,53.02427714843074,8.399684431800415,45.931516700236905,156.42395354407304,138.92410105531437,65.76623192867018,40.215690259297325,25.88297969471316,106.22872093880864,54.3937254609836
TrianglePose,133.94764288538045,150.6551690016298,167.61876970592579,154.08854660019924,137.09363629334487,130.39078818031004,173.9349745601835,116.6759531028773,35.2284163642727,145.86977233382402
TrianglePose,70.57558194197945,179.42213560682399,51.86862412681535,121.21484240236434,112.4980829339035,52.10226896401855,14.157460138205577,179.80305575559908,107.99098406145694,156.82251796826054
TrianglePose,73.16948241426594,17.866402843964202,107.5280635404572,143.0159868539044,154.80245427533595,132.88486400527626,116.10639880703715,19.036708874716012,136.13647628286014,71.92028590448562
TrianglePose,36.96517034763563,146.53802805297363,48.89776498062757,102.03267759902671,2.753846683310643,28.23062346182625,23.14597683406795,142.6450900885129,57.1670805070185,105.88319959702089
TrianglePose,66.41264553981597,9.89906886835097,18.812200500169276,130.8613804166548,99.0935348814965,106.59327334447593,88.71252776637458,11.807115437935975,45.4551713226541,25.157779544161855
TrianglePose,13.016108387462463,72.61306110451277,12.229974286463055,69.73357883071151,62.633018611810655,12.352048018708391,7.391812779731509,116.05369828010365,132.51189410618213,64.93952667746015
TrianglePose,89.2541792637642,168.39543109387543,48.0155027193363,153.6556196346955,169.2324945383747,70.13089815732518,59.457269626963516,128.99895638284224,58.8821981703447,76.87302029483597
TrianglePose,13.791291667039957,90.4298854796978,155.00676710835955,149.38181741935026,147.99120760780912,138.6492661678955,11.035088852952079,88.27678534612308,102.28310016813603,68.12084068217443
TrianglePose,63.18739825365316,159.96666275319058,77.02481964102073,164.41386784904708,170.5955423076538,86.84656275446184,50.25404382720902,154.60108473716707,131.91933566492486,50.648495549778076
TrianglePose,12.64313687503171,158.8799480647663,178.07221674776213,143.84809235535405,176.20671424914386,173.57159517545992,10.89531102870068,143.38806623190317,98.14510224631537,101.51002628439407
TrianglePose,15.49767034124452,177.95410169012382,168.76491372934754,126.04715487013338,170.63867168683953,171.56056805851617,5.097842246910847,172.61497866123116,106.0656224013992,77.82192563016834
TrianglePose,19.34232549112913,121.32238621779794,173.5178464909985,162.80777561889184,161.8245202511691,160.67795203108147,2.6052078190404266,171.45583143073847,67.83455682973278,80.77711900321874
TrianglePose,98.12242731924178,165.73259547814172,76.76674574943615,118.51599606844006,173.4046864990464,83.1360401883068,93.40788428025792,132.65453519854069,42.513854763060095,114.08443153993935
TrianglePose,15.168989721504479,88.13953758459994,70.20965292534801,169.24578106022318,78.616244217045,140.49465132773153,15.550627455716066,50.55672146723161,108.75333033034215,61.85918435447396
TrianglePose,26.50239642491346,40.91123634496737,162.17696561239455,170.85346112653417,159.85984899607536,110.20862846853142,68.95755623804195,2.789120074179064,134.39523693571306,127.78913820103926
TrianglePose,20.724033909709654,144.79668158009122,151.6718822734207,5.080590317443796,82.74184864906718,62.08223727264342,46.33400418128392,170.3984230333763,93.95645817309776,74.67292650488832
TrianglePose,22.07978663546021,102.17486978508275,149.3878855011722,90.88166153791349,116.87570865426812,109.38809021697934,65.42757848558816,154.04508229448143,113.93768352954618,89.36323049228714
TrianglePose,8.528858407743341,119.47863392151916,103.85915268095336,161.9061053755156,146.28437207879495,91.61528218239448,56.14434317514859,174.6414823532743,115.51167226371257,108.40943789769064
TrianglePose,78.85727549524105,165.52547669810522,120.61887352342276,109.09892980567015,122.10472777749587,25.779381257378905,87.02083319966918,173.23923682442583,13.701618106158698,166.47009671881617
TrianglePose,43.66727806332122,166.02968991353188,96.0401406165149,156.17047764259684,169.3321286992399,139.72564361312644,17.946632299333483,169.92471684716145,75.14231191848448,103.34634679994144
TrianglePose,58.737161668651744,159.00054487194424,151.69878922703865,151.51315348343616,132.17353377385862,175.49658818454458,37.47469753485251,136.46880970648215,147.6440424999634,9.012834523207047
TrianglePose,13.950651174128128,151.9460579548851,63.43786172679505,178.97136443777734,171.4913884865126,66.13026969461562,10.943396164508606,49.903200997875054,131.53326249545825,36.08364351897036
TrianglePose,91.91679802468472,174.29249520529387,44.20853281062955,151.9581932496144,169.8062225048723,61.637339714445325,78.136317391599,131.30886689456256,57.57280825888575,89.96454385074907
TrianglePose,70.58603604514333,36.25968852304324,99.11224818958497,32.82693136927469,32.455185091338684,123.43357944841868,45.26008650449194,10.53093819859562,179.85717844671063,0.6342584181741899
TrianglePose,1.6264053447090874,141.00387853065791,171.59405785993428,172.89455148752816,178.92611252724282,166.67499719018303,2.98026092604786,169.8419787478326,84.033282672976,92.37424809309462
TrianglePose,93.87376240437054,72.3596876727053,93.10969339569016,143.74635288893055,152.96583692759356,86.32213982697866,65.75721917858016,178.64533986663767,29.7314027651986,110.57143287919845
TrianglePose,103.19745741753523,173.38948621856397,134.37940757536933,105.66498382593039,177.04694561922682,85.01864282462033,62.81072605790694,160.9187224360921,143.50336746955608,121.61256227883925
TrianglePose,25.769040203177735,172.7267802413949,65.15578393795522,170.8874286768575,172.70504857311525,58.23746812015754,13.009296345692075,66.32545972947626,126.55505177552975,31.91678239454479
TrianglePose,52.17566868626984,177.60083189074243,133.04652337120436,50.24399853539718,50.294426602161195,2.2773905295564765,103.02569438364517,108.33785205064657,85.38963303757754,120.56727653700663
TrianglePose,91.47357681197207,162.05007797325285,96.73992616631625,175.58548423307826,155.0753078301859,72.74575589771783,64.49806141527807,158.4087413425927,139.1228018148591,4.361696361079563
TrianglePose,2.9691276565000018,135.55102135677905,153.3226824246393,171.6582729053049,149.23138666649288,150.64561462071705,14.142566048071624,120.84596261951361,112.33960942050074,78.7758590444326
TrianglePose,15.43191974975267,136.73632449257906,93.49425334131726,161.5461338029506,158.1365044048726,96.20950404121953,17.039460001401373,69.6830104269798,160.03835080871667,16.340198741886315
TrianglePose,71.41996610374916,123.84523012222012,101.9535688470992,150.78619499374943,137.5319328649305,66.27415858941015,8.09629937057449,93.89066648058403,172.15024147563756,40.511801257694415
TrianglePose,55.284251728274626,158.70222730545345,160.23809663612943,36.062505994921764,27.81928624590381,169.8676968226051,23.07816455460405,85.91091582096647,140.25916154223282,42.2872750693061
TrianglePose,39.95163966401917,109.86192921611013,128.14077828618056,67.85888807902172,82.0118119453007,136.78331325803458,9.904290558160351,27.5224945180288,18.288432489748697,92.34539130681252
TrianglePose,81.03686450584745,18.333157675740193,38.46214070691295,149.053509869031,101.2091272115576,109.28485015959245,79.25866712869163,18.79791884905282,68.06506535232636,110.0838531332332
TrianglePose,74.36467153442645,171.54726660988703,41.39922512438903,122.87887090950929,40.26414942015503,178.49995644396077,63.44217190968411,164.42681229187662,147.31857252481018,27.529967958052378
TrianglePose,96.43894123525446,104.3657448024056,49.33754018404171,61.48211429763975,159.69469948313292,64.07417847378298,88.95745887366911,177.84759999259012,146.71324980832642,29.959850508988662
TrianglePose,76.6973011933929,162.18999335729805,58.07762627167571,151.63709733412873,133.33924514028547,53.86098733292258,87.71154696312523,168.2638929129495,153.24260614831093,36.33815618227527
TrianglePose,103.65418821750382,74.82222308062124,76.87234705643269,147.47307158002613,136.62989707027444,65.39447304484602,6.3585447246006375,150.7646407210847,40.997213209775644,25.534934190278513
TrianglePose,9.731627130750955,120.09909805278826,168.91135090391668,164.9789571864254,157.4185526789,156.97998864143744,11.609987325323809,17.733446787944093,84.3095313689312,101.56825515869237
TrianglePose,59.64804657035089,176.40001604807864,131.51662484642813,42.79487846317293,57.2674340428199,1.2534654374329828,16.913069412966482,94.72930211461137,97.2213243199502,32.26476336773665
TrianglePose,103.37572791498323,161.17227010717085,162.44616259455432,41.577315214529875,142.82322208145243,58.48351442468362,79.73683411860264,21.52702612598889,169.35639013233776,3.990648521831625
TrianglePose,63.41838934167173,154.65202087557003,71.51237326810406,113.49099126855286,108.22502272686647,73.70172364818809,3.7579570736295027,121.72170207231304,122.12502572388375,116.54328272997232
TrianglePose,90.5603452524463,164.14277397192973,84.05353766825425,95.21592370666417,171.4870612953014,109.712534688241,125.00438300894163,125.88149961860559,75.6866359962952,66.91150959017693
TrianglePose,98.22853102418883,165.2621202580674,154.94455438534615,51.058602889013,116.99886991378328,57.784671617745104,138.21422961912046,171.44594921027164,82.16143619447983,76.5772046777181
TrianglePose,11.126503089848155,174.0989339957195,120.13153503512383,121.19091986484992,65.55042675395583,80.18624011215113,24.18577531286526,156.47335276070868,64.29729802231549,129.84442712126545
TrianglePose,5.682914243890203,113.20150579532088,102.27386987318201,106.13316061299645,151.89903134139794,147.91935399344416,48.85040278565062,140.55913349426987,92.0906031122291,140.22667234956012
TrianglePose,70.81086753241622,144.01427032035295,170.23328163328682,45.94672506677708,40.305346224773736,154.44576867612417,16.857516037803997,43.76445380969495,73.3851200667168,0.5918404358093248
TrianglePose,24.79517263817258,178.61561163173013,130.09328203555822,89.94451476727687,4.378631437671022,97.41917027622955,29.030368840099552,121.83800609952573,69.91648043544086,109.68079470968193
TrianglePose,52.215010333536526,46.222368062369526,83.01443379955596,162.00535153711667,152.47937063350935,80.92820464193446,84.88273271615965,167.6696436071334,85.11658726445859,59.290692359482705
TrianglePose,39.67057207064631,25.92862455617267,113.33698833697353,20.41175929495479,22.808942821923996,104.13377889591946,41.71952746525557,151.9239802976685,85.40334176232847,87.1731214317128
TrianglePose,40.096050555718726,139.26719295624198,140.90197526546504,140.65179166513022,160.83241974817858,160.22648350051577,20.107579434205615,153.3070993913761,102.13832162413505,86.68417247595346
TrianglePose,49.08520765408935,152.77232845096754,56.14591409903092,178.8244303849284,159.99491940846676,37.52659743618134,111.98664417148792,178.46705847346468,179.40927951106116,148.10113273288204
TrianglePose,105.83061981412622,50.46024807383264,60.50227696391969,154.805916433267,82.82347713263623,17.626984858617472,80.16693053358632,167.58206169867285,104.92324137775002,100.38936412331391
TrianglePose,83.94867218117817,115.56190200298205,103.15141135472486,149.73087612944218,160.16252901015935,110.26560251168107,6.541247699612463,16.78773350723627,99.37692619660989,161.6346592483302
TrianglePose,62.308910630019696,96.07210518611096,41.74654457616291,127.68723154133167,149.2729615208575,49.13635955816967,70.21460498934927,14.079205525662376,158.92467525391032,143.06931217200778
TrianglePose,17.418129054148114,93.12406212535,59.40944564578226,88.84039345979794,102.24450528146248,39.14967014779436,35.84661818225589,146.6987413278938,128.13964308012925,87.18897628164495
TrianglePose,39.95163966401917,109.86192921611013,128.14077828618056,67.85888807902172,82.0118119453007,136.78331325803458,9.904290558160351,27.5224945180288,18.288432489748697,92.34539130681252
TrianglePose,84.21537394162145,11.616698309456208,79.6932337305909,178.99819438854144,175.7040919306791,95.04221119189663,73.33852302237092,28.68887614249898,67.56260243386455,95.03386837810892
TrianglePose,60.29846462302078,167.35694287208983,157.6277200910098,64.66697717870952,49.117195225171926,173.86178984434798,57.207804070200325,176.52793161856656,16.420906785931553,162.73462158679544
TrianglePose,2.865602839854828,121.6767912367142,154.34941548707883,164.52492942256407,163.99161226617144,142.71420201405215,7.469228909342403,147.42050941838124,44.78744661706304,134.1989850768017
TrianglePose,68.73004545946816,144.8678468455905,119.21007262237042,173.7891078257349,178.23040237367692,107.90222690173961,46.27573705454215,148.26964654637501,141.29204654435992,27.638293395644464
TrianglePose,1.4851526264309154,177.8376064599759,176.2563419857888,177.37514697203457,170.38678356765456,174.75856229068944,14.163678718437714,164.75332484084925,22.543033288564587,132.6779987129957
TrianglePose,7.382305506073795,97.997118524314,148.88167398397437,39.00899165759091,38.958344618945404,156.97381182934328,5.350121668823872,52.45413497799558,115.27184258912324,45.26869350070324
TrianglePose,64.88240359518224,95.85588763027782,62.01600370864263,152.55383094053352,173.62415247993079,129.21081572171568,38.35161363415767,9.533111334686392,74.02480557239815,110.6321181040323
TrianglePose,91.55254956106879,153.79609577055916,88.99546547372546,176.7964765699035,87.5195443777824,142.55487983905434,135.51258587209048,125.48474793582227,116.84473443026094,29.026432231927412
TrianglePose,66.11685953937842,139.43220877060875,16.56025198714875,115.12482173594444,7.058530455570414,119.45482448409139,4.518144349519203,42.18619803422253,29.904520498225633,83.28753141044425
TrianglePose,4.951764199125494,174.43843752667505,177.61452725598892,173.15678442652876,167.06514113008268,172.79360620100704,10.029195429332537,179.30417797003216,48.87803961995386,116.35373755490924
TrianglePose,50.86770408606337,154.71602803967443,124.79663114729226,175.57468692465523,146.55388947954725,145.9669204219884,62.40469694541558,155.76735828012946,60.537017677019485,123.93866690941296
TrianglePose,53.18523621984127,26.449314213145808,50.02205889191855,140.22384495047154,129.71247619079003,37.37722189418399,57.455274614336815,119.28445255202338,54.460955107234874,121.96508924886322
TrianglePose,28.20739722208602,12.405104891547204,122.26688341037689,39.67466235289044,69.591638103282,145.1110625873656,24.32084667563852,15.115726811726544,146.49602853373386,28.94896477345803
TrianglePose,108.67809042383334,1.468555085812678,53.041016530585246,165.30028068713747,178.88116586491438,80.6457532339906,25.585257740679268,97.4562065690465,109.91777108650554,176.1344823538519
TrianglePose,27.490436975314,106.67631885360048,122.6234968725129,163.95234302605115,168.19220734820567,147.24426724113715,3.9841905036731617,149.3581847946677,78.90720769307595,100.16868075747841
TrianglePose,18.764609079843822,136.9149201617588,79.77183440691854,142.0597988266776,148.87235393906894,101.56779466291853,9.376267210167999,141.45417609154205,83.37970938994629,95.29181631471684
TrianglePose,150.965218981595,11.5198936902556,136.3397750662812,169.31389278011937,163.73502512174448,100.26288553829025,56.29464936483512,15.153992415319411,117.21087486239043,112.68874203208802
TrianglePose,90.02595109223358,165.8545927699037,56.93961822418709,178.00130022472266,106.88294276690782,99.75421843870431,67.45392095446906,128.39547524809265,56.44223405759703,92.39454694075201
TrianglePose,78.28857858015542,12.989099423219264,165.61746803097472,53.16267782447621,59.19755504820226,155.82414762324018,10.424394607387104,114.71410886162056,1.0724673030901983,91.62416618043471
TrianglePose,100.95384669070482,0.6398226134682762,85.80375297084039,150.22418957577835,148.60194049125815,149.63751314368523,16.36293853052546,13.995118982194127,163.1245225169674,127.09429333893314
TrianglePose,20.915562464567866,63.77047644093954,174.34485588824566,48.63798912211132,57.162956762161095,169.29463362871962,0.9474178615939941,48.55824823951068,99.73142452387201,58.699101058906344
TrianglePose,5.804427513414606,55.815228628583796,121.56860974370773,132.76604482740402,149.73964177128695,87.15353045870042,98.75241634506136,142.29597623657892,34.554807417546854,123.22842767056048
TrianglePose,114.65139355125311,158.46868390939431,14.925672515583225,35.55473384833327,30.094816067196454,29.08231314650888,136.15707379995087,3.705939939137099,75.74621944542233,97.56192626407089
TrianglePose,17.395232458610977,65.08057620448777,90.5005421056793,171.76342416034643,177.8334273016165,86.98660389675378,46.548520311495274,32.97785751530266,173.60606653595582,55.27506394715862
TrianglePose,50.03261933490733,176.55631960740382,95.0573240981049,142.25501001442007,143.9686051727507,77.33690654802585,13.489378175395728,107.6743948764884,101.55277943403473,122.66503587481064
TrianglePose,32.66187723115371,22.174551756497777,137.74234536579195,94.01354791994383,124.39632957032397,150.70177898512483,42.49168788097717,168.73513458961756,69.06629518776658,105.4733407121169
TrianglePose,88.1867749986331,157.55034085800418,88.62686965661533,179.5625400233759,153.90508946818278,59.21709474436755,62.91184363676975,148.3197125883977,71.76424853152803,95.99235900734163
TrianglePose,14.584070256534112,99.61739133704498,44.81817511994541,131.20713094797927,119.09040743986317,36.843966439020406,48.449602737937006,144.33730930760547,130.5346233551191,79.47394173032043
Warrior1,106.42718974619822,105.94907807094535,135.8100260286024,146.61342915858822,160.51544050998606,137.1315282648404,25.960870099649636,14.344431633375931,148.1897283095226,101.29684241345349
Warrior1,110.03932540640422,117.48696395799303,177.73803294410192,138.6738474970653,101.46767902574891,153.21694059880454,178.01315162235034,164.6322592979552,41.800453565544906,62.80761140578181
Warrior1,140.89727864739976,143.6553275214105,115.93524054352133,86.19161874601369,82.90759619274439,114.74887014584449,107.52729046695323,32.593753762912996,157.26370823763432,8.839261887793288
Warrior1,143.68450251208574,5.3212009449619,125.92844370091866,151.11642005107788,148.47958538138084,123.67938410603922,91.98966969957175,99.25154967910245,111.00775209332203,22.334201034907423
Warrior1,31.821692467322375,160.34974047676937,100.92924661218763,112.82931111716965,150.35434771266398,158.82056959647517,20.653260569985196,9.397317532846198,45.33123105434111,119.89293928810815
Warrior1,11.21861763480773,117.76786392100377,85.32799049456604,95.1425493181983,90.08442364626382,94.222440645681,21.233188128869724,1.090745191420252,12.649147174997278,165.85996931887328
Warrior1,115.51577505469973,173.62631852199976,135.97014709583004,175.40071018350076,178.1311397849156,64.26586067991319,44.59612697906783,153.0260062091238,163.57785948983738,21.850077563297496
Warrior1,155.04694100595893,170.60792618260848,83.87615899792462,118.20644789724497,29.00641396734984,120.73409749449617,149.65996910516787,177.55821738882548,125.3278086197414,39.70456687349641
Warrior1,143.68450251208574,5.3212009449619,125.92844370091866,151.11642005107788,148.47958538138084,123.67938410603922,91.98966969957175,99.25154967910245,111.00775209332203,22.334201034907423
Warrior1,10.650899686254485,7.723011127409298,109.88850270467938,40.10044728543761,132.27522848661525,121.32054137074554,6.939825034277007,15.226369517375716,50.46929471793045,105.86261223037853
Warrior1,8.13718275811943,14.787174942350932,169.1020808425229,2.754578896167746,24.443288195432352,145.07597051448457,15.024036364512565,24.877868382562507,6.207140962433688,168.42297005474023
Warrior1,14.09536935039517,146.21947489630506,134.47068682105316,179.73128341534402,151.20754544438083,115.84965659091345,16.217723940505884,136.0797059361749,8.119013666486715,170.59830614842377
Warrior1,165.38381747733905,164.48509449606078,118.33732243982745,174.20336616670122,150.91490288976854,100.31558806895917,7.214258336707971,5.081216249976375,112.53186312377623,130.29687506982037
Warrior1,5.790216785319192,21.966554556913024,142.47280022008428,154.43836329294706,133.31774387464034,120.48752216958454,0.3351486654495271,12.745340599678787,141.4646031483888,34.87356477978473
Warrior1,153.24536021351074,36.541987148566214,160.1751378035134,141.68026245051746,96.08861996624847,178.06173088607855,137.32671509224093,6.568827783813218,137.5609526131997,38.34101122755947
Warrior1,70.51139198018517,86.11574431700146,159.19960509542568,132.23107029938504,172.56665201427518,154.6050060788343,142.8541730311642,158.51330292802706,110.92342455008438,25.482103194932012
Warrior1,24.414757612647684,113.06024644498412,117.50049598898526,134.53170642894568,112.7571860679935,105.95082737894309,20.11011223153787,142.41147217686745,43.84050959321746,83.68403036501444
Warrior1,153.6146446160396,127.10851013641107,142.1183572686595,158.34552825945136,69.02287123350841,117.63970948255148,115.58093955053648,113.28653773250713,21.478129631789653,122.88134952031774
Warrior1,40.32126753127645,2.1246448049425157,123.36513735112072,169.54942000238947,129.29668393309197,166.59778811843654,26.910844554196782,6.36179719345011,117.55741687712388,124.63887042463027
Warrior1,65.36314661159147,29.725602466780767,164.4450020705867,85.20265385298231,55.4612523817955,128.63514674712792,18.128831707696648,48.44239914057139,157.9392744700674,77.66582394443861
Warrior1,32.68823089755117,41.24440792321532,175.71962787589635,121.57812022648004,129.90119184638388,168.20307364446367,44.331956282620226,27.317848130928006,111.26905244583111,148.41535549640616
Warrior1,41.32451589382437,39.152125328022315,123.54992659407591,55.210155464342364,114.2320395985122,117.57231158572142,150.36146318089797,164.71437621573253,55.70826223240242,6.793335711457644
Warrior1,8.623709117155418,10.137818431306181,172.32269603607887,167.4809995295328,104.67387005114215,122.1268418570271,8.76175551787382,4.1878515992496865,135.20083759190783,44.333481202689455
Warrior1,26.584806689448108,49.25681710928579,170.98754320143823,137.7397898040412,151.78934379613383,162.70072388659148,3.495366620216928,0.5700814896267447,144.0754550174548,56.44728615176953
Warrior1,15.1535096585922,153.76135042829975,170.4102440284688,179.2140477940039,179.66799391665901,176.26425934408647,33.0271794586846,154.74209443005262,31.368676856124885,158.54949049215585
Warrior1,136.48228654614022,99.66492949944542,99.78149399693372,36.20358977820412,62.93422265253964,116.32686139079189,104.63386205414764,120.33812390559416,152.236767429626,22.78439625524846
Warrior1,36.28733692394161,29.690436198134552,140.93343612757425,179.98320568518784,163.36608102910307,147.920777737698,30.098049748812286,33.31435688730587,133.5784088763335,50.14499430427223
Warrior1,25.29461621077537,138.63610877771154,73.69857073689974,47.31687649167638,67.17098427968466,114.648004800674,28.066753779323978,148.87464223037273,66.20087998746281,117.08573022224104
Warrior1,65.03994199445624,58.82125177545013,146.09736169653482,176.2797301194183,170.11173250709854,121.44901061135789,40.88226237102607,178.47769711373334,17.99135890963228,126.85733640048495
Warrior1,30.18097239441614,55.81839044896845,154.3870150799771,176.4636646581095,113.94968069865881,164.2981725994831,18.82599432747067,77.48779526874667,171.83527904939857,14.50037642841903
Warrior1,18.267517736869173,135.5723124806514,140.6315917482502,142.54166137242524,158.06695377335308,109.59936551682141,19.783459217759848,143.68006809403064,44.99802234501475,139.65525363561375
Warrior1,33.24458003291758,104.49498662209274,163.87811421255782,136.19791605505603,78.16919575739786,117.68709926876777,15.024098020305315,166.28937141177107,46.057732085026196,111.21592733915057
Warrior1,101.51133180980563,99.39931596943751,109.58600762637874,179.4123190074607,158.45962667850804,94.09606366839856,21.706973491238085,147.14642063831195,57.31157493301732,38.00674769914664
Warrior1,44.21353571987701,152.63005641598687,82.41001733344335,51.583183621446366,97.99945847416596,124.18464868073305,45.7608539040752,176.18611073613826,122.11981631339901,40.31090446129539
Warrior1,0.7732741391709762,146.92556020841639,166.50997923897933,153.48351778529363,86.20562780342611,106.05836538249252,13.100997247018832,138.29824321076538,44.68803112004403,130.91963512749683
Warrior1,2.7074923351906097,145.7803741375618,156.84314070346613,154.7706432522855,138.36353184323445,174.41667064341223,4.773326214404527,175.21675840232683,115.16366609000552,74.30565208882868
Warrior1,26.584806689448108,49.25681710928579,170.98754320143823,137.7397898040412,151.78934379613383,162.70072388659148,3.495366620216928,0.5700814896267447,144.0754550174548,56.44728615176953
Warrior1,33.700354362954286,53.05141283013071,174.2289480858253,105.61811259657672,132.94946320143538,149.38802883386245,108.0806513485646,125.63142418250868,145.74486647536764,105.00824850480983
Warrior1,89.6660472921156,110.02277469465074,137.79128582897755,122.79351394157874,39.20147304849651,132.88558025288546,103.87855608578326,124.31165103516985,7.644804001308196,157.58232047354159
Warrior1,31.469794378758305,43.73539495212771,172.12976604854177,130.77325732195501,98.88874108274678,111.0206038845419,56.746239120607484,77.69170916880259,100.20521474468083,42.405435242523104
Warrior1,17.17264742580066,115.19002053022366,164.5261636051228,155.69693228425223,163.88970113799684,174.2554516627096,8.075396743108893,157.112420772223,94.73327522419319,95.98617002083822
Warrior1,70.51139198018517,86.11574431700146,159.19960509542568,132.23107029938504,172.56665201427518,154.6050060788343,142.8541730311642,158.51330292802706,110.92342455008438,25.482103194932012
Warrior1,8.796024258564284,5.936403403808034,151.78513317096892,85.27945831362507,78.95118459656746,149.2667802703197,2.932881528796394,25.001143275927582,124.70330691141841,46.127477422560986
Warrior1,18.648136537377017,131.91091048082882,159.0216995850933,143.8688505756902,126.47519318574203,172.63652859409024,7.640403872369996,161.8545814038761,70.43903452700604,97.59261813063473
Warrior1,13.566370824282805,20.43477151436857,169.01332758745832,173.85427968422894,175.51720722250894,178.78503536207356,43.593871653746405,43.64396759934386,75.227919051231,133.8611292179213
Warrior1,53.30118193331669,89.5172673454081,177.70838814438935,152.54394262182103,171.45478128871082,142.19920816085113,75.71836834746813,46.75550557167121,61.2572262155655,20.553209689740182
Warrior1,15.1535096585922,153.76135042829975,170.4102440284688,179.2140477940039,179.66799391665901,176.26425934408647,33.0271794586846,154.74209443005262,31.368676856124885,158.54949049215585
Warrior1,31.00984199250842,68.9199544392467,109.25923485772981,66.57573558560041,68.12725992527342,110.35028222656021,41.512415236189646,40.64627444914197,71.24516075042986,113.79730610088725
Warrior1,153.24536021351074,36.541987148566214,160.1751378035134,141.68026245051746,96.08861996624847,178.06173088607855,137.32671509224093,6.568827783813218,137.5609526131997,38.34101122755947
Warrior1,7.865404876351069,111.14378165270114,174.20331499999685,167.34979216819454,149.94025708324403,178.42880235909902,35.959396594981726,130.5569926588128,2.002536284983245,154.5014290569667
Warrior1,22.72908714395927,33.60133716876679,167.34309647320788,113.11156608937208,91.35263808241888,171.14049399152742,34.53044408263671,36.093449105838566,53.018598200279946,121.7915610450142
Warrior1,0.17949201423037783,176.86605378210635,163.80386488567314,131.60489733561982,130.72646931565177,166.26586080602289,18.172142998106757,154.31237657778274,103.89560515856704,53.86611646258602
Warrior1,26.641311870915345,42.065101228362856,124.99018362035179,80.90198730509344,149.8378409072672,127.09504240084448,157.11859465553374,174.5626679582779,72.73194908837407,89.60040916454349
Warrior1,13.081961076519422,3.8923398023697504,109.80643356453486,96.7119578413183,129.28222039445853,143.4037487706612,157.07252236886643,145.18579603403748,89.15468417579227,65.27966177807008
Warrior1,19.845607157732495,69.51212681060787,152.84729909544583,101.10571605138091,124.08084789361254,179.3284015297748,8.757170878467615,27.12992723026259,68.06919788126983,103.49945552513267
Warrior1,24.491180547410185,166.240135174592,119.18443861440586,136.36182200497925,115.70573334323339,101.24926374999897,21.133626307448957,173.80161986759484,128.72763771304918,57.01369326854575
Warrior1,12.477227341019699,31.42523626183945,130.47402190411196,61.290993857631015,59.95156793550717,129.61212843991075,3.460051656224543,14.579576161271477,118.86249256422832,52.23294852807661
Warrior1,13.183561784030607,31.624787183744026,153.7951875900912,158.52965961289252,133.2682394287214,166.6996002886583,11.719322648020889,2.4444737601284063,81.44306787998819,89.14465215415711
Warrior1,77.41314294471029,50.43035704809553,103.13295647961156,67.07919007222523,130.29443370690663,129.43255858836793,36.6441933229405,111.02627339109603,139.7702980841182,85.04943847811585
