Pose,nose_x,nose_y,leftEye_x,leftEye_y,rightEye_x,rightEye_y,leftEar_x,leftEar_y,rightEar_x,rightEar_y,leftShoulder_x,leftShoulder_y,rightShoulder_x,rightShoulder_y,leftElbow_x,leftElbow_y,rightElbow_x,rightElbow_y,leftWrist_x,leftWrist_y,rightWrist_x,rightWrist_y,leftHip_x,leftHip_y,rightHip_x,rightHip_y,leftKnee_x,leftKnee_y,rightKnee_x,rightKnee_y,leftAnkle_x,leftAnkle_y,rightAnkle_x,rightAnkle_y
Bridge,269.47233587874416,224.10822508246082,264.12487425744786,200.94131533041042,254.03585473531518,204.24544464997726,257.7302544938084,204.3331193726093,265.91545516524576,207.8310068217551,286.7879273980485,312.2581386961878,190.896125255284,324.91771017367415,255.51665373362945,184.09626117880416,257.1576700171,180.62069208295517,255.40232361599618,119.82336875314041,257.187174563586,113.00611693829424,269.8506398814348,301.9697893704616,264.4740377718977,300.5794351031672,365.890787844836,329.6404320174728,363.275171810166,330.4885294427516,362.56997516046425,416.29310069737096,365.06358419711165,417.1761160569568
Bridge,376.5202439177581,404.07476781314836,350.28250286687955,386.29489123079287,348.3692976449041,382.6846680700532,358.6559691369782,392.3449061223581,356.5275580061917,387.1290278137967,319.3915592684291,386.85744036282745,348.18160187653984,391.40854831553116,326.89597102121695,425.841841954908,326.51852176397176,418.21289062500006,265.07156815271657,426.8248625316066,192.99826087793372,416.2853446738849,301.82685693764586,384.2030758679656,302.9499607956756,380.38353504481654,189.85013843077346,309.2347457695799,174.63448235602797,315.72115569688475,221.61575570640724,421.61297303512384,193.33631270159333,414.0454367483306
Bridge,332.7581318582242,416.244791751086,344.1867432653657,400.96042363970116,322.44220907757386,392.3444945782547,343.47796934768866,394.9949019182768,354.90487126393936,392.433198161145,309.4316537944113,427.40517137456237,315.9815048281088,416.68428919622016,309.33921465735216,459.3674275884985,303.6577533389523,446.00196300205846,183.12818281878083,456.526190413479,162.63974454887673,454.6821879153431,300.33377493070867,441.46747509968236,292.42187120113135,424.87392188107816,128.3230207767724,251.393108447063,130.711828524641,251.2876423562711,151.7827045868047,449.2813047037085,156.18837918483368,445.9585292705362
Bridge,66.83590204389264,376.50792925189637,63.68089414731102,350.55231751248056,63.52425808728484,366.3979684663512,79.19965245417046,336.77296618702997,59.579394170357475,364.3319220958409,129.8651002749368,350.1460285107625,79.66015447719464,390.1379850395488,384.60844680976084,135.53837819712786,374.28619258136666,133.01034191337365,219.97491353774964,392.2924500778009,215.98651300327413,403.3922694036081,170.9406207705929,354.6909316446772,170.52820609318272,331.5630710965865,388.2289269158455,127.63026542188715,390.096640685782,126.92535368733387,387.95889066957335,342.4078597072744,391.0904563808837,345.1884416129085
Bridge,169.7765049598029,405.47797491936274,170.67992340974294,403.2107151395553,151.71590781310786,394.4092113447388,163.01828598085774,358.34056806762186,145.46263762034818,368.1466826759434,192.1101645315337,398.32001998711434,129.91469133938992,396.3249491458117,412.3283164629798,229.60943008359538,196.8229301737552,432.65758213660536,187.5743628537507,412.9644053605583,194.0756516832534,384.77328605177,225.59836296619721,390.8861089049534,216.73794505012486,428.37381956488264,411.51738463595706,305.9081714677613,214.60059074940034,418.0022750158033,376.12278728564246,412.76027948529884,357.9330760908325,418.50587836934335
Bridge,115.95802781987487,388.99329094471284,116.1120561148616,357.4952248221116,105.12093191819568,376.3590136009629,117.5578184642238,351.59786113564905,212.35151805323684,369.7896300509758,158.76062480245884,395.9375595156088,150.93834271569472,395.286306800684,415.6235500984667,215.20689018534432,159.11311232697417,428.5913364521201,139.48894833133429,409.23306160448,287.58211254578913,426.89507828708514,198.17178180108917,389.39597102121695,193.38128180919347,395.11393313585967,411.2542496677257,217.2750575908487,421.48134223653085,215.0999678615713,411.495762741912,434.6067499817655,413.51027112778786,438.582867507618
Bridge,350.49080749764977,280.68257565320283,108.68167481481781,332.58151612341163,107.28764830783196,338.8434762281996,93.04166136935541,329.95339547944764,95.91426295363556,344.5062281185166,160.7109639654516,312.23487062572934,191.83458826848585,349.1498385227568,374.3207622860477,192.0839365092551,227.2585951935701,379.58070747090574,279.0369374128793,358.2346429468686,287.046092179801,364.48910028608014,207.6049583086829,282.26743199518614,215.00073824680692,282.72630367041626,377.23316493370726,205.37293303556962,283.83475022691914,387.4182800039711,395.33619860890497,356.59467135227567,397.7683609451991,358.16525027959676
Bridge,134.73608879627528,391.11961269774383,135.90528559387968,404.4563008541883,139.70250806373187,398.70668150082673,304.6663529645358,285.42245572038706,171.31607562179883,372.0950051462008,305.4420186276258,292.12543281776783,146.9532503626653,418.31267424144187,313.82165805927445,298.9701077156542,177.04614663025157,424.9791505425797,149.93976260616571,409.66299856352117,240.04872112353317,426.6578705973645,286.5070960333733,306.9988583133428,161.79987800566488,422.5743084033001,297.6007738548691,357.08713135778663,296.41483037798236,355.9704222619782,315.24803826423107,421.68546811179016,316.5403184059745,424.5574444656056
Bridge,316.04320478637186,280.4866490027717,323.0382832254117,285.0670082440515,322.71686728069886,280.90499941244167,331.52179005729715,283.98825617746695,337.3361168066002,276.1232051611936,307.5242418471214,277.0631718932346,300.0288207501297,264.11803629388453,263.04216503602345,322.78227113589213,115.43967219309195,148.5891223448441,245.75789835443143,265.24800977271616,249.68157566434616,306.56202007626104,160.25495727032552,188.99580452946708,136.9393534680125,173.06860452865666,96.70569392160758,146.37135865777358,100.6513413551932,159.93341469665782,131.96671355314768,301.83116232211165,126.80793698892558,298.7659501831561
Bridge,116.71949521139945,380.4958865850298,114.22087641672476,376.5117281205426,111.10763233232299,387.19949682718493,98.69745658146395,371.4865213607852,96.75725564917093,388.31718729739373,261.6251078878696,261.11414422632754,213.08914754400607,281.04299331601726,375.44193505251565,171.9847873038771,165.21783092704553,406.12137663908516,327.66226614164617,394.6194154098321,276.44060063658907,397.11004866604,270.06581413300705,294.8528938768316,226.12376232859503,386.3390530788059,394.94804920497285,170.20796146630252,390.1023389887514,169.8779347526582,402.03930233524056,402.5457864975039,407.46731580045713,405.3880050469237
Bridge,403.96016860898595,441.72139781144654,399.07159449153914,403.6963688387416,396.52223705750777,397.75620456553116,410.0664700709934,400.43108295108283,452.1161471165068,378.8572129372245,360.2247752589309,405.33801826698647,346.46831211707405,395.76854151808885,315.6906064615211,263.6875769904046,306.5944370887092,253.12251174103676,138.2675012612244,426.1845948785172,143.0477601363946,418.08553355363404,127.99754479119392,188.59424828493744,307.34860748670906,428.2860973563926,111.75087576585192,186.88839797657062,113.92685981212317,190.71339967339858,109.19654814534168,403.04641407060427,138.44527248525029,408.53315171364443
Bridge,147.6130347034249,345.7230374031542,146.42321321479514,328.63920852851084,143.31879358568628,327.99555355087847,129.3829051290805,293.0604293633299,214.02563197978802,262.42294944668214,173.1662987673431,318.37431721667537,180.9213567076877,322.2057928188213,186.85423981599288,342.44464541866574,198.30539117710225,206.36513421149672,354.93146334446317,338.10472290545584,331.22829579713436,347.88984876450667,222.99414353746602,316.9028887610218,215.03508635081693,351.8580519806795,189.0525817871094,346.34969244359445,199.3270652422766,342.7011956812435,358.5040143911275,333.5087883027263,355.76626472948004,328.91953337736646
Bridge,51.834731675777206,266.8092973004733,32.57252665476186,266.58323295878176,41.304580403561424,271.1385829814737,28.559603631743755,254.81946636532356,26.997039921550837,263.83160159795614,85.73055663049469,239.95881456557154,95.09534558814592,233.5148411667693,262.8387039627772,285.4033980626783,117.05568717228428,224.3959577251767,424.1948107960808,368.6799805194016,15.780366802611294,252.21796945912217,128.35933954389264,240.64618818987458,127.56135552750584,250.11773327079555,91.120423123055,259.78110538973357,95.71463240627432,230.21240550947388,90.83610946212072,380.36539544703066,92.3971991321358,384.36193189185684
Bridge,98.186366290967,379.88458530536826,129.02933334413902,377.6081765835711,110.65933417482496,375.64010936689584,108.29624793341549,382.63651740996175,100.91717510302533,384.8126359994976,146.5581680234537,410.94404038551943,143.97707420760668,407.7642923568789,345.19553283438154,291.0797942228832,222.6253841922491,311.491906890236,158.533357485696,376.8955088255317,165.6909325310798,383.6454969224099,306.93832967291235,302.7836020062079,272.47717766346284,304.16917603045584,209.90656619250038,312.7934309456853,350.72830010251886,288.01907741182583,348.26156806154376,397.9335800740729,354.42602387107763,391.00881236222773
Bridge,317.23997503890047,288.37335357032873,351.47126383801213,292.7980225115891,352.59158185903465,293.84587711318403,338.11251058618063,301.57774612616697,357.26162605760504,312.85392792887717,256.71397798783556,248.3820301863168,342.60258338263424,309.2848275212332,169.69403785294026,228.36609203291138,175.67057629343878,227.63636102320248,190.42663257646362,318.89311604480037,186.26289842534362,317.0028306636573,303.78286274636935,294.9368805311528,306.04524731141413,289.8485175801511,161.89877521942267,218.32976598462625,162.97333270187696,221.69122656351303,187.9588241893721,318.4263933743679,189.28068802069828,316.2404293835905
Bridge,289.4528020961651,240.8767320308448,316.6675805056244,219.41720796323912,308.45778215970245,215.75858088449817,316.5074581921843,211.60341001645162,287.5603640227892,199.05573104921714,381.1187427568238,178.33548264879408,279.126274140544,194.3263611852876,408.69643975095636,177.48213012188802,230.67399970723392,227.386648724188,379.5359124781186,350.69297062410857,192.3771141970306,388.6174562066423,227.67601171469792,384.01902068205396,257.78688929387647,394.4907920489173,373.66567904523805,350.27484181510965,253.2108037798237,233.1155167575694,386.0018401719723,391.08415659037865,371.45673189915067,390.80829541218236
Bridge,88.29653411485347,379.1654594706302,89.65371159597058,369.6153569518284,101.74639689971798,389.3145169459934,112.63188880508865,385.8405465406996,82.58493510519321,416.42780224812,157.51583051879376,379.5908377872958,137.49840447516857,402.7584598272173,220.08596713117547,401.901308431665,226.78364164107074,406.0504011098775,133.98511577938604,392.21881534054086,304.71937883938995,403.38036628184983,201.90562647902618,385.0102721408196,196.342215003809,393.0065424115826,415.8786124708248,194.95072107592063,423.34060352372927,192.07241327436142,418.63488161712263,387.0951862256063,429.39869101116767,392.9035297567914
Bridge,268.99826872892896,185.69303647116507,305.4737708380608,166.91931253646916,264.40711436924596,162.6934985402214,286.79137803706885,150.58697902315387,263.52189883156933,145.81403297012773,288.8554616587785,150.0530955207793,297.0923586010438,142.92703525654014,328.4708553330038,176.0511912745559,331.47765986652297,198.94540557228183,335.9466805992285,186.41257385000648,110.59931996452364,186.06738331901585,207.00840930226437,158.55418794877303,199.18696613232623,150.155775774564,124.84770493883316,248.5950042597981,337.3092398109278,287.83419913770746,131.66386457894353,406.4099640272465,383.44054795894385,411.648350632537
Bridge,66.80707812803911,366.8754862551868,62.17089134627853,352.77813796680493,59.68129882179355,364.1541983576731,81.98325762610219,323.9249708246888,59.112564656744354,379.1885375976563,125.23341673538401,380.2876769259758,65.32729611851863,364.96532012812827,393.995451234683,197.9472053496175,385.49301337404376,202.22718488131324,214.68215562495948,413.0441816021298,222.5218650216384,421.17895229228805,215.005629290189,375.953705973645,202.06682513858277,401.0372557580719,398.50996341942766,198.47151253727958,398.0030360558221,196.5518017527474,398.1069351132975,385.5280895945442,412.7306483098581,397.3926211788447
Bridge,241.0114652388324,106.95688556338743,239.1572216239708,96.42380995374498,234.55896021419545,97.1918224793747,222.780963691933,87.94929377765577,221.5248677740453,36.671765117724405,201.1735370050328,90.5101111321034,244.80773799152297,90.1492423536372,374.84127060506364,195.0558389370867,372.5806905026258,200.41639082659333,339.798258547961,361.74571563594077,87.04359600652798,381.34626333149635,277.5112801073003,418.882251280472,180.98937228507526,419.87106513185626,374.8299373136022,196.69991014409362,371.9900930570864,198.28715660760017,338.435446078352,359.07166033859573,340.26821025674275,361.2708253979188
Bridge,69.96346311450499,263.65704358366025,71.94865689732723,249.66383178204427,79.66042356372374,258.69386918317235,90.41806771052823,264.28442674059096,82.59916503399735,303.06759909475494,133.80853170181214,318.33895608102637,156.03851381673852,334.80458239796747,159.67154601797526,356.54572926121625,144.5736706998833,367.3690226068141,218.36109082233855,328.02043614051155,238.44988811065548,333.129661211829,242.15707739359118,185.0260342799776,199.89273261232498,196.6409643655991,409.688356011735,170.72788412640205,156.5398378490907,354.76820696438995,410.1382053739303,360.4413424290068,413.7513726578709,363.69013489529306
Bridge,117.39480742775059,328.6882455912863,117.46062282704716,322.66874827784625,115.17136918063976,331.514255634482,105.01211807440922,314.3497324583442,100.71126850808805,348.15456659467384,161.35716735080072,357.5827887444081,152.4887718105712,363.0972897858046,171.76853670618843,382.7837552272434,179.87415107948655,383.34345520779306,271.9373267715897,359.2868662474067,276.36915024880057,369.41294056745977,198.89328192873123,315.95877493070867,222.1755664872925,277.67361842745083,360.26934865104715,214.84109079194764,283.4618279548107,364.34923860542017,281.06679955953393,370.3832665914322,286.34092718733797,373.6237332039354
Bridge,412.28307826885055,399.67070773429396,407.84701272165137,396.0428831488266,406.876243496337,393.81025638817766,348.26311926624095,372.74040127196264,400.7786477749773,385.7671334041105,342.89753387577804,336.08375644288134,350.7073746677257,319.6376626422297,348.9915206719236,418.1459672223483,207.33064833518384,244.46745433253372,342.1259203392441,430.16881665748184,195.42345862170967,404.06007885438277,343.81122509968236,423.6587271156153,317.91737663300705,333.4316079547297,201.68502301101367,235.69331822058967,217.04278843036832,249.8049122663949,194.9758410948441,402.85469783292274,211.99092627560947,408.18720140892447
Bridge,125.21884649126362,375.8321421769645,140.85187160127887,369.1474946208021,118.85137280982559,351.3165232551543,139.2530385884012,346.28865728734445,112.61371755006405,384.26898623897824,156.21677572796455,397.49148673536376,153.29957700863918,385.2125935534719,175.75109648012028,387.0740075329033,160.4736454753955,405.7240149786858,300.29562795805236,408.92383369667397,309.1117257399183,408.81936480890175,193.95769681178683,390.2476140572323,191.0830454212996,396.2956345427581,205.09662865603119,403.02222794022316,221.26937802896458,404.7616665788705,396.811837477308,399.416436792904,385.36312372358014,405.1257248241377
Bridge,244.7956607549517,194.0449441616961,249.419152983986,186.19068826382588,256.82702598730066,183.63822842040005,242.19633236960257,166.26867713769937,240.34753379980066,173.09502249436756,262.90445604759634,159.15217735955332,235.55844255502794,146.29167738791818,298.87437622576834,182.47222900390628,164.48593139648438,192.89868303354356,322.4592723292434,280.3625842842324,323.4744883177192,274.61214184266413,198.9383618366669,178.0779826690547,186.43748809687827,168.004111135649,160.69328339762708,203.25246787170158,158.5817614036972,204.70206866125844,162.76072268664097,334.8475729281477,161.2369331581464,332.09234847072753
Bridge,127.77238268080592,378.28798412782027,128.56179549980956,369.3048944117123,133.08248876041398,363.56293611012063,131.0121686626767,356.48823971570283,139.14682855249936,356.031584047183,205.05067817403076,304.42392183042665,156.2037646028511,365.2239914257002,203.3438464912636,406.60798005543313,188.75747300777198,424.23397080037614,291.1480155723224,406.46970123670906,273.2472399952996,410.58621861627984,212.4339218456221,385.1417129959803,199.60348042215057,393.26894926332335,347.23065008266343,222.91951159718624,220.7347347528608,274.36933082169026,324.4748887184745,371.0530387910076,161.1787471533811,376.05567393955846
Bridge,402.28129026800764,332.15468157376495,412.3956197524962,338.3928037777976,419.5385374963532,315.7524013915003,417.1477195138259,332.57961668908854,394.5860486802224,281.54229128509144,336.72076340038257,282.0057216026971,338.56957779880383,262.0942365084447,319.29183896646464,351.0563640673626,308.8521363824235,347.10759839576315,165.64441221878243,380.951497564672,154.5993282587202,369.07135896168313,267.1727540582048,202.25365033288224,264.6785910198798,383.0216910334544,76.42684240064186,133.1579596175198,80.21677579127902,130.5601745225582,123.20538279426545,353.1016116320345,115.33038349072467,345.7347189242414
Bridge,388.3621722336133,298.694911339471,379.106925236239,298.2065667749935,394.0449314988007,293.03177956228933,386.93398756604967,302.1645447030602,401.9480978304914,300.15310706933997,383.7483512910076,320.9489371272044,390.0118309432541,309.60007030439584,174.63994322970694,205.07408870206336,175.62096940036633,202.33836510369397,313.5110688902036,349.1501234379052,353.065743980566,328.9594848126297,373.3215965176025,332.31363256937243,373.5086274839536,330.53307117762904,170.17918503630708,207.20299052004998,175.25260577063344,210.0030574561155,178.44816659001395,336.6936331468005,178.83253295391927,334.674344517878
Bridge,121.08973744499241,325.8224107417824,122.730381755908,316.0469086833021,115.85919392059454,328.17698118597644,142.76263921587298,337.64904861133624,111.60542658255804,408.44907008760697,158.13271930108922,402.94362301648414,184.70602708238783,419.7908773461813,459.63394988127266,111.62294886418894,196.7558168276712,428.3128477231101,421.89269639644385,273.1391621823133,272.96536394174666,336.6818249967584,260.0519330669736,458.01474543527945,249.20209512671002,463.0462203283033,452.8461630413642,98.97009663562064,460.0870599390561,98.808431031793,425.520331038479,254.29033144875683,422.4464131588758,268.6627336557476
Bridge,324.9543059416332,184.25022615931343,328.75004052126565,160.2833538134563,325.1774894746013,161.33315533523242,300.1141053512384,131.89098943813215,389.84885947832925,85.3083756949397,268.38750562232565,111.46383166807816,300.38908012675057,112.40357679944809,297.7253450892278,94.29018329287962,154.9455159927305,254.84776793673825,336.39953739910214,225.26347686640952,335.201817429412,224.38633392460616,243.76983959150516,110.40525317686723,200.65668509708897,133.06911357705522,159.0640594355793,252.06615717084577,158.07166831621987,254.73874040659044,323.5150728977568,403.9955614018737,227.820986039411,389.60962572533066
Bridge,327.9613953903009,269.17659395463244,318.78199913689707,254.2343456220825,319.83200643072485,256.50461283956815,418.46959917377137,401.9343585888875,441.5891022108403,378.35747176680826,348.00017424144187,381.4551009182119,352.0419488803974,387.02506544184405,334.6062497973937,400.4641014510666,336.7424802661437,396.4712372459317,148.11850583404922,387.1264002629831,151.25439275844462,392.3832113812079,133.2010767766549,178.1796182339617,136.68308812058322,180.59888024547783,114.40933987312792,180.9684626789014,112.2688673343896,195.4482620682459,135.24931595038578,382.4002594374028,142.4720099358143,379.17622293179465
Bridge,396.90206060765695,283.74319749254414,413.62072323367806,283.196033778527,410.8163983990048,272.2665937115048,430.692332414176,286.03828398518544,385.04664630810754,280.9823063893932,316.3992537502432,257.0032460066293,365.14608296121315,327.4489596671584,346.91034214130576,357.0566454369004,340.9762560579292,376.7666638639458,151.08269972425282,391.0086857332728,258.86325123893766,398.7164952448295,330.05865579818794,474.8298043531996,334.47373259611646,472.8446738848548,52.863255575979395,86.4075625091173,53.06471828603152,83.64320493832665,309.87602645430826,368.07171833465713,343.61105637926283,354.3139572460128
Bridge,375.7930454871467,338.5727751799145,343.46331204616183,349.22660732665014,359.819815861239,344.92115954640497,291.86248779296875,345.3546737734213,359.8924375668601,344.69648812321714,344.7033260867804,389.56391267262063,344.53357997276976,374.83544567313936,293.18129670075865,396.4398965796,327.62380259660273,400.4411182957568,185.2091714059664,408.7331621478703,178.86227492969562,401.66710817962263,324.25183181446124,392.16237048390497,316.04247666988135,386.79403091367345,215.66975067265304,412.28203357997285,218.82923806851338,408.6894435011995,123.73792086399445,400.03631718425834,124.78134345216871,397.78317653291947
Bridge,153.95868071876626,331.2202865157385,150.33555723324855,331.4210567236936,142.8426370581156,329.7005807710387,154.3937778077185,340.39610550116697,121.777862928715,342.96876266289553,168.90278099978119,370.4563314983954,110.57643969523956,397.1459796319859,348.10654256353735,206.30314933808518,126.47404809215752,408.70571532190104,59.46563784017603,402.6393019806795,53.53691765876232,390.2656270260633,177.9889150279192,421.5830886017732,150.62643977121695,434.6101056490697,347.68379179768544,200.6611487677484,350.14393913300705,200.07441350533261,358.58033999367865,366.9747950130479,360.3932234261541,369.50762736846804
Bridge,383.1405006503663,379.3729726704325,410.6972088952282,387.5286054809064,459.9496042085387,356.60359869359445,422.38572623225167,399.32577046121315,465.3539380591935,359.9394802235963,447.3784513987941,356.2336205446869,361.6764812548626,388.3099694469658,371.9612849698522,447.7748000275545,115.56564426026405,243.01036660601986,166.66983766674502,425.4754410739757,476.1774213482237,361.2801326261022,306.45403723499095,239.7685387322517,300.69346447703265,236.5859573807459,110.1653387932362,212.3609519103751,116.19172947040731,215.38622844268676,150.12215578704456,423.75800421623774,135.49757201641924,408.81483782376495
Bridge,413.8704671899313,405.3333646528949,433.5475620887092,411.44061583206366,419.3934523713045,387.082713273551,436.22712574559125,440.6652490133072,411.85864966934645,356.81377110144905,349.3836272306957,442.74076089819437,358.37301673730883,379.6902098596344,281.8982136200078,270.54089431446124,278.97305310514463,273.7256441868193,409.7937429594302,428.59928241903856,412.840340642019,409.6110806920222,299.51799954616183,459.31734583684516,291.98443147651386,432.453456261346,56.116056640118494,181.43409317459805,57.63469791016639,175.83356358698296,97.19630989296309,413.74795367608925,96.82541368413271,413.9280517071609
Bridge,230.83567322537118,259.0770325720063,231.74623038264232,254.75936509761573,228.66680414350202,256.7020590374579,212.86887647700016,258.0210104028219,226.08115168527942,264.0169072447971,249.88945292239367,253.35929205803455,211.85169773972385,266.7278748824884,262.8210550521914,188.89723971671586,208.316992921948,277.5524661748736,281.3574446682119,114.46845976643543,174.63394418296974,355.77183640349466,254.65366157753343,264.2312425795433,209.49418317232886,264.0857617390106,293.68211421729126,336.0667565056892,292.0080794338369,324.28554677369686,295.9619419208701,416.990161436722,297.21990561584215,418.1368499375973
Bridge,276.317422320734,106.21290088194536,274.2598600902004,104.80807134224665,257.8214273413187,128.36790282696614,287.94360655472,105.55214308109522,262.6744662083036,111.85981623859327,270.189688908114,91.8078521475258,269.58361107284105,91.1558871447298,388.52533364197035,230.0412031624822,208.12486514016308,186.8959957138632,415.459438972948,356.5419937070475,182.36000409264787,302.2040212797426,295.3831526253728,149.57022765860026,265.5472339930871,159.77609404884439,290.41166819972125,244.09220525337952,303.88701506175437,243.470821143186,288.6806820438116,330.7734445912215,178.11706353025318,330.1235214803229
Bridge,428.7464252646039,358.9711486056633,440.37716814096535,364.5524464207568,427.72373816779054,355.7272313541397,430.54243538884214,396.06934860039553,484.001476240356,421.54266230792916,442.4516986514523,409.99834369327033,352.17570071398467,402.6603857016663,332.85133076901263,420.7015927896461,88.18078733578758,193.53312575470855,178.98304729540814,401.6515961326505,391.1086592931471,399.75137037854967,314.1434855480907,452.73821185733283,312.44051604844725,446.39109378039103,77.69691498942395,198.257335488727,83.95153061482917,199.7696650968053,99.31595988293408,376.3290975103735,88.71005679561884,378.8289113658098
Bridge,318.35696904985736,281.3000184371759,323.1628228025318,285.5841292385244,322.7945858017538,281.75509124375975,332.88628036055826,284.75692559080005,338.5064532647984,277.245106044152,308.78961333595373,276.20488083708835,302.96936668301026,265.27642214446644,264.45727526399605,323.2771687487844,115.35103192467906,149.1523204502723,262.37786953874644,261.20221466444343,274.0492444810036,295.31464636078516,162.74115851311268,189.74006621174797,136.7694490678083,174.2301244458717,97.49061932702284,146.3732106062387,100.1472631430725,159.90237477409397,131.70626945020751,302.68096923828125,126.1136620865818,300.169885405861
Bridge,78.50627978313021,252.9075274328968,65.79892170379766,234.55812129736938,58.109125161072036,244.45612104107238,80.8279504419857,216.050887998209,414.6130826957988,58.62669727119668,431.70289478856,86.74823396928083,443.6222250530829,87.03917190741701,436.07437956877266,161.65290927491247,209.50344291465413,156.37074070847382,434.8680804873898,291.52983352851084,427.18983883679664,286.58231363256937,237.44306129044026,182.01948300436817,196.19448649932733,227.12572976266696,436.08770726627336,84.3760700146687,365.24228930967973,152.6454593136103,419.921653399329,299.1534980995527,402.325167200872,301.6342542972802
Bridge,210.0490237667353,387.53762779394134,222.0002012134093,368.8984154665618,224.3752380624352,373.3702536935134,211.6866052398049,369.81935619813277,216.25306695328712,377.43010461577734,268.81142770601014,383.6224187953839,243.84583279304985,384.6418135393705,291.1674847741345,415.1970954356847,278.0642054387643,424.35021618095186,376.95793690028535,399.1491547264005,370.943188172653,411.41975371174794,308.8273804217454,354.34092921340124,294.48576487940875,363.8245831881322,429.22166373225167,266.78628248792467,386.7488876912604,412.3392698675766,399.0269577849456,395.0789202298366,385.0262590463725,417.9034411165229
Bridge,69.69125834738071,340.0713655463888,67.81406323444794,339.43312395657745,62.36312992839893,346.2832438995235,87.35082159398502,338.010669249222,71.06855400370367,348.3557483467324,142.00976676466058,346.7389815081205,70.32547155356507,351.1984734119716,391.08694242738585,130.40275890302857,383.5915529876329,131.73203844252464,405.90579084340965,360.6157104998704,264.2206057473337,454.7167892772628,200.40543742199662,357.7386689878598,156.97908203631516,399.3973474779565,396.6601993038447,134.2868725788544,395.16103910707335,134.72062423516113,401.442974929493,375.88225558585646,404.10712151111915,378.0781599495916
Bridge,69.69125834738071,340.0713655463888,67.81406323444794,339.43312395657745,62.36312992839893,346.2832438995235,87.35082159398502,338.010669249222,71.06855400370367,348.3557483467324,142.00976676466058,346.7389815081205,70.32547155356507,351.1984734119716,391.08694242738585,130.40275890302857,383.5915529876329,131.73203844252464,405.90579084340965,360.6157104998704,264.2206057473337,454.7167892772628,200.40543742199662,357.7386689878598,156.97908203631516,399.3973474779565,396.6601993038447,134.2868725788544,395.16103910707335,134.72062423516113,401.442974929493,375.88225558585646,404.10712151111915,378.0781599495916
Bridge,69.96346311450499,263.65704358366025,71.94865689732723,249.66383178204427,79.66042356372374,258.69386918317235,90.41806771052823,264.28442674059096,82.59916503399735,303.06759909475494,133.80853170181214,318.33895608102637,156.03851381673852,334.80458239796747,159.67154601797526,356.54572926121625,144.5736706998833,367.3690226068141,218.36109082233855,328.02043614051155,238.44988811065548,333.129661211829,242.15707739359118,185.0260342799776,199.89273261232498,196.6409643655991,409.688356011735,170.72788412640205,156.5398378490907,354.76820696438995,410.1382053739303,360.4413424290068,413.7513726578709,363.69013489529306
Bridge,115.36421716460548,322.0916051587623,225.6237520716497,232.6884606072517,113.35433864989224,324.16977625170193,112.75346051607883,331.3494163924728,95.24845582320978,339.02582192322035,214.634748909978,220.28792448558255,222.6554269117933,218.9537301597754,225.0417812236612,415.1056060157872,203.92255664366408,414.003047705686,207.14086318906413,413.9383719669833,217.0806346592567,407.51660612114233,247.587876695815,435.1969042259629,240.13668076131358,210.48124004696416,390.4564568610607,114.25255739837269,390.80829541218236,114.96757570638695,376.47484743743513,339.2707539791883,380.54894411712263,341.7054805518186
Bridge,79.74346050088337,287.124127273243,76.53852122453239,276.13371536444834,84.7576109700183,339.8899379112909,82.19787787599681,283.6286616028592,79.39184355043277,358.8969756953449,141.5726436124303,292.9838505028689,169.06963047644902,308.2137681636573,434.53913011986197,123.40980149898293,155.20695729869038,373.29924650706687,395.0199111368648,372.21232687289285,237.2117418471214,378.152776061252,276.29225481595245,272.33988021913905,64.32970925485445,337.2615640094172,433.2217457878145,124.11567086500747,437.25272530836685,122.7654342334795,399.18141345265497,368.1786881442882,408.491300844058,366.70270104625916
Bridge,107.66732940040684,362.4568638465217,112.6193129670076,352.88187873808675,115.98830796870949,371.4691415367285,142.69501935396946,340.4786675797459,200.30793312674243,356.48026209154574,152.86647432572616,404.4758333704778,152.3315777917126,399.37692855898285,435.6985448307022,169.42580606927518,214.5823878371369,232.5905605965136,147.3844536112552,378.6276346420352,366.34484761978086,410.09160591853606,403.5750899572096,190.8676495690564,223.8195743798221,425.420674050992,446.81824490242485,178.8375031403981,449.24844448991837,176.88790792251527,407.907636333798,402.1724526812922,378.611774365437,408.7279387034816
Bridge,284.1846576864789,326.3817624927062,293.0668241255512,316.8062708684518,111.9212312817079,443.2682338097284,66.27484871638761,427.30966148534753,114.28405635089796,429.3121401205103,197.1989073694,317.40680868694886,209.34238671267184,323.3273771293925,139.0960503415943,468.0914344629312,139.74932911979707,470.77071320466484,265.75875183358727,435.5369662842811,232.75669778531025,449.16410960597125,186.352836640544,417.65401373265695,157.87396886042046,436.7954998095501,193.6208163059599,457.4994605606522,207.79515499890599,455.01962242284753,267.4208834952834,432.3282835394516,269.83547606408854,437.6775021374968
Bridge,138.70429201244815,315.128912074932,106.12533695964892,276.8388486996726,115.30940265576376,324.94170636062313,128.74097547095843,264.80227585155444,106.22092599196058,327.8127013400383,166.33359030569244,280.1148663912572,204.47019521626203,339.9939952549598,396.6081231461522,144.14368625498412,230.37442725723716,196.26145738783714,286.5727531464763,303.94298505980936,298.88836872528213,315.75563042984965,235.5161801413382,246.41353559691882,381.3537660970728,144.78536265519645,406.0851607579908,145.58917160350754,405.4850977980745,142.7467156247974,393.7461504797718,303.86453842226405,405.5921625794217,304.6709116069113
Bridge,209.1501797877901,157.15935418219982,223.263340866912,142.33050207874098,189.82370463644318,147.9773620352211,187.50006331447742,127.42166004734909,143.64424582833573,232.93041688278007,171.89339285569568,103.73267494296631,201.27882898101174,101.19214196422784,337.05218303253054,221.34253790764402,335.3215451062468,223.89783107393512,118.47559347192282,240.91055779041596,117.45531232525205,241.11992293868323,233.73655263813703,129.35486472988526,195.7730020230242,120.82467138519921,335.67965179063475,221.47146201232655,338.14736520601014,223.95813811369462,341.1253933095339,392.2554744229772,346.1952684331237,392.05229826487937
Bridge,120.88726566045612,301.92740032781705,102.87510408900093,283.04635835386415,105.28271623666849,322.4786149021007,114.19676151513063,295.35535756977765,104.34892266617771,344.76236683699113,164.84709300440872,316.49001505365015,156.34114119027166,336.114305678245,445.1009979881192,145.58768371328776,172.1814262421794,364.14058574502405,291.1425072127853,339.99928201382585,267.4099300906866,346.3889157623671,241.53779848977246,281.03590209454427,209.71803150731012,296.3528771618096,438.90969684015175,143.60556068262125,440.7201743224845,140.88653627767602,435.0939865428877,333.74314684096214,426.0652787457858,334.73490481554717
Bridge,131.78352894130091,310.85322209908264,118.52199506957504,291.2203207055563,108.05256633837689,314.14494178107174,90.66349836800603,305.9371061839504,183.33215040784654,266.71334420991644,149.5991307175506,335.3508913665392,149.85525360740567,338.82356382504537,342.50112193254023,152.7913358696269,146.67028213437663,349.28159595030473,351.59684810401,336.13190710297266,267.89001211585844,346.22546943886147,311.4857653859245,166.16297361761704,209.1613547930579,432.0339661910821,347.0437140880284,145.37727387614268,344.80855474828195,147.2696328064218,352.0394163013,338.0893691446772,353.12886851457154,342.2939253051252
Bridge,268.99826872892896,185.69303647116507,305.4737708380608,166.91931253646916,264.40711436924596,162.6934985402214,286.79137803706885,150.58697902315387,263.52189883156933,145.81403297012773,288.8554616587785,150.0530955207793,297.0923586010438,142.92703525654014,328.4708553330038,176.0511912745559,331.47765986652297,198.94540557228183,335.9466805992285,186.41257385000648,110.59931996452364,186.06738331901585,207.00840930226437,158.55418794877303,199.18696613232623,150.155775774564,124.84770493883316,248.5950042597981,337.3092398109278,287.83419913770746,131.66386457894353,406.4099640272465,383.44054795894385,411.648350632537
Bridge,378.20596022229967,382.8715407502107,381.14422683399243,379.68466984285857,390.6154078566682,377.7551611429428,374.07814120850634,384.93264859148087,382.1237017999545,372.7026025289322,347.03583143558745,390.78512231344007,360.04208133428426,398.07372666988135,355.1039952954811,380.95358694242736,351.46547056332673,413.70515308934125,179.24600814882652,413.4951389676803,178.03855357823036,412.2287861044477,298.8518995862779,395.5126877147628,258.6115445338839,391.56616970711235,193.66730496101857,275.15765938026783,336.39823945231467,392.1565455519808,174.49666256726533,411.1309130656769,173.1307793455005,408.2727392679428
Bridge,128.90307636181842,196.8854057343669,128.28373414352228,194.39562722360446,110.42861621904177,191.5095950557978,67.76478082807233,194.7664917751961,99.60870228367723,197.7192099163641,89.62039235221896,207.73413567127534,96.79569545128534,214.9144406140593,134.3973405133639,231.72228168155152,134.60336582294642,228.54036513205884,132.3793181739902,221.67554040172783,156.5648154104399,219.7589953410675,134.97810838628112,250.13478069384564,151.89291926340445,244.2496050442897,142.5125312013745,294.76377874983797,135.28374319749256,277.65367436705793,148.94309775957925,337.46933046712917,146.10857191916818,338.29526782530473
Bridge,134.73608879627528,391.11961269774383,135.90528559387968,404.4563008541883,139.70250806373187,398.70668150082673,304.6663529645358,285.42245572038706,171.31607562179883,372.0950051462008,305.4420186276258,292.12543281776783,146.9532503626653,418.31267424144187,313.82165805927445,298.9701077156542,177.04614663025157,424.9791505425797,149.93976260616571,409.66299856352117,240.04872112353317,426.6578705973645,286.5070960333733,306.9988583133428,161.79987800566488,422.5743084033001,297.6007738548691,357.08713135778663,296.41483037798236,355.9704222619782,315.24803826423107,421.68546811179016,316.5403184059745,424.5574444656056
Bridge,353.0550754911178,361.88985104382783,358.39090307718493,354.76656078797663,360.35881200766653,351.72122939493653,360.77586447054915,358.40524380632456,365.8901230428229,352.85807249457014,349.62840100047015,384.7598000680758,342.96759134506294,373.79173816981654,321.14951739172716,391.3307031655213,322.6218005928262,393.9007960909136,295.12134726116767,401.1785420144742,306.10204039767575,395.9950174038836,307.0714167044865,382.8298798240567,316.48358863419026,373.7693881592811,172.98743536858146,277.82991021500584,175.1101007105404,265.1610948238136,169.72751538288549,392.6095606380479,154.43906348770585,387.13187696528144
Bridge,78.50627978313021,252.9075274328968,65.79892170379766,234.55812129736938,58.109125161072036,244.45612104107238,80.8279504419857,216.050887998209,414.6130826957988,58.62669727119668,431.70289478856,86.74823396928083,443.6222250530829,87.03917190741701,436.07437956877266,161.65290927491247,209.50344291465413,156.37074070847382,434.8680804873898,291.52983352851084,427.18983883679664,286.58231363256937,237.44306129044026,182.01948300436817,196.19448649932733,227.12572976266696,436.08770726627336,84.3760700146687,365.24228930967973,152.6454593136103,419.921653399329,299.1534980995527,402.325167200872,301.6342542972802
Bridge,330.96446436965124,318.3948311073652,327.0777468859408,312.11473140479126,318.71589882245206,305.9529348033098,318.6107967899053,307.33660939323465,328.45369710961813,302.0184148891338,253.4730998312289,248.8853327960889,310.01386207169026,327.47086647635183,292.9277855330978,359.40839838684843,294.9773068249968,352.06502700742345,201.37870756916985,357.43286006183547,129.01913971327153,333.82881132893544,268.39443855760504,323.6706365688213,273.32486354463833,319.9084903194697,244.80232460370206,227.9049726937322,270.09756634344205,329.92104178147696,153.82070264381,349.29074489229447,130.77259459436192,339.3330237677484
Bridge,146.65141442010017,283.7664655630025,143.45403330949333,271.88667518963956,158.4106223711829,250.6009968484586,153.54928930765368,270.1058605399864,160.93951340038254,241.1784888303132,210.3079008363589,136.3574617631208,229.3516293600882,121.38806734836945,390.56462964576315,217.68796295545903,389.93626511443216,218.34030784511964,127.50066860088177,260.51265669066885,76.79697092143333,413.0168614051154,231.3097087179477,459.45847380705396,234.02151527246502,462.1080897161081,395.51499869318917,222.01504845836845,397.3536511179817,223.85561614610353,362.79005628403786,392.4377251462818,364.80636913252084,392.0155125534882
Bridge,220.97178415638783,300.2538720601823,247.9812812013745,298.52823597761613,220.89398649223614,300.16301578505903,239.93548318063569,283.75320117997927,252.9500905903544,75.50194451423106,296.71921472826443,293.5785000749644,247.6077890989692,90.94967189171506,253.26208850654822,257.65145962663706,276.10430578967845,277.1788791007521,256.8690509717,170.3529991054931,260.37662553589377,175.0025927278511,268.9767101493614,289.7865327067396,307.4323092258818,320.13582095071,339.95341067492217,331.62135207306795,347.46298255762133,334.30082075823395,354.9349456407223,412.773892097948,342.5681719641468,405.204519691309
Bridge,211.17578403583698,137.00524801040586,246.0367036558286,137.1497158192995,242.28259834511155,132.4885277332607,219.12787662996791,118.56735197834948,238.40281379668048,119.45582029730456,212.3696259937841,119.66686327922396,228.92780224811986,117.87245184554104,190.86527527615243,193.9974741322371,191.2441016232819,194.8387969084301,174.37414905342322,251.6387211336635,178.88381768064386,255.0421117252334,297.255963210743,164.72356645892762,304.03444282246824,180.7860220121645,164.70110564805663,312.6932674423788,358.40461066155024,244.49062743127598,342.2012329101563,390.4173285140042,341.26544493362616,393.5504454300117
Bridge,91.66440528458084,328.5627879542434,90.46406567838676,308.9687299926252,69.49029028168358,346.9639695036956,128.56023638080262,314.5832362511346,71.90868171913495,395.80934769879735,144.84351700272302,364.95338534913134,83.93168152615245,447.3807940344593,401.4799822415554,61.73471395405497,158.44441647351533,406.4689731202186,363.28650510162737,379.3714847802127,343.4729991612098,387.74931974925437,215.14990715565034,355.5686919026355,224.00731763404443,377.0677875186398,401.41777576747285,70.98602358236353,406.48477008233925,70.16871282173885,407.64725554533516,343.8527277396428,414.770609115664,345.0930583526485
Bridge,93.05203702934551,366.03992509644064,80.12627566009142,325.6908749149053,76.5592408872739,341.74350089552,113.94290211784396,308.91342479658334,79.69624372933416,388.2306047494976,147.46711066155018,398.31751906525545,154.09971371725882,393.8984851124871,394.66971876215655,254.30802784520068,200.91258638627303,226.47960552041462,393.8319415967,389.3033102834868,321.4995514802418,403.7587652562565,188.88804328886798,453.76912983621315,186.4104686436317,405.3606531926706,386.6807929707761,258.42726774730136,386.48847524555885,257.1312203941504,396.4391684631095,399.5002335037928,405.6372108301187,398.19893104901456
Bridge,383.1405006503663,379.3729726704325,410.6972088952282,387.5286054809064,459.9496042085387,356.60359869359445,422.38572623225167,399.32577046121315,465.3539380591935,359.9394802235963,447.3784513987941,356.2336205446869,361.6764812548626,388.3099694469658,371.9612849698522,447.7748000275545,115.56564426026405,243.01036660601986,166.66983766674502,425.4754410739757,476.1774213482237,361.2801326261022,306.45403723499095,239.7685387322517,300.69346447703265,236.5859573807459,110.1653387932362,212.3609519103751,116.19172947040731,215.38622844268676,150.12215578704456,423.75800421623774,135.49757201641924,408.81483782376495
Bridge,413.5872931895909,203.56012874619103,419.2569463579488,228.5478678976352,424.71357796696714,200.2108720328304,421.28481409856397,238.46194951860736,416.5543362312792,201.39651476594918,385.89794111449686,271.32238490947555,391.0283448785172,262.2472992576504,379.06684717202086,328.3222245972186,272.7964409159427,314.3299466841449,299.6778052872148,398.6579293531996,298.4704298597154,388.5714898960225,300.88024218547395,228.1031786653511,279.66261107891916,225.97312135815127,104.5984529360696,59.80028255351846,108.19071852814608,60.846554293177434,116.8361204788398,361.7685721622958,96.62672493962332,355.84683240201963
Bridge,144.7238051545076,408.8453870591287,152.31897821070248,410.1076561385666,158.00024958567008,411.37163470889533,145.83650960961813,405.76279509611646,156.48155687260925,401.49938812889013,190.12411600326604,403.89159902992094,160.21058965026097,415.0885427641177,304.8093170545903,336.64697037692883,202.62221973466683,402.68982693367485,321.6379252706821,429.8774434323133,201.86925231173825,400.98084255867485,228.6730247909103,379.2615075329033,225.7802812884952,383.12381728556153,319.0230373525026,345.40681324559125,304.6251352397238,342.8502696183708,321.0188363102957,422.6571870542661,320.5392924581821,428.88226647594666
Bridge,388.5045664933708,378.2662039475818,384.28978504481654,380.60975767270173,386.4662202067395,355.4002753926511,397.48977724447286,390.49371743103285,414.4933233617253,387.9755107199009,373.5755192293666,419.59409595030473,400.02602858167467,418.6347549881678,353.225201491993,427.47019534289103,347.42483558496497,416.11721307904884,214.95676634222642,424.0205060396947,215.91632890503442,418.7577750178294,278.59383104253106,263.1625258576326,280.67513620210394,274.6148960224326,109.10338089179204,214.75859202784625,123.23203818926672,204.5002221071869,105.77397326710808,417.1351515900545,109.94358775032013,413.16732826074633
Bridge,188.852064837064,210.56332726696223,188.40143987252011,204.34926456435588,215.48613868808349,206.05226572123803,191.36504810380742,190.13500609338533,202.7743485953304,212.35539606497989,198.58669740035825,175.0333477352665,241.85416510490958,164.90355368966385,348.80268524296554,275.3738783207177,339.025188778446,272.3271223519353,186.4438037160026,311.04098118192434,189.43215207934875,303.72401193959087,173.89308565385116,283.054146034589,204.4647818284411,273.1708194210322,182.0871028662717,359.8001250587558,201.3421909443076,358.6855686551803,183.82766533689386,443.16101074218767,204.85828130571682,443.93173787603735
Bridge,113.58094116464196,269.6301472137578,104.24451709288286,270.06765025285273,108.57740378478752,286.2720410358856,106.1920862474877,280.53185553966216,108.52279504799743,326.93050906865926,185.71951775135346,276.4380047430142,197.01406075252044,294.62796919573395,275.78706860047663,202.74104518019809,333.0072743269418,310.58400894101726,363.65369741352765,311.6335413762643,369.71865452176803,319.35341229577284,282.2948788211553,237.88276450762606,277.7697931186787,248.344168128809,282.05520186681474,221.22160725573784,294.0872952156542,314.45708215483984,362.94663298674146,312.03492350598094,364.84103380891787,314.09989353037474
Bridge,428.7464252646039,358.9711486056633,440.37716814096535,364.5524464207568,427.72373816779054,355.7272313541397,430.54243538884214,396.06934860039553,484.001476240356,421.54266230792916,442.4516986514523,409.99834369327033,352.17570071398467,402.6603857016663,332.85133076901263,420.7015927896461,88.18078733578758,193.53312575470855,178.98304729540814,401.6515961326505,391.1086592931471,399.75137037854967,314.1434855480907,452.73821185733283,312.44051604844725,446.39109378039103,77.69691498942395,198.257335488727,83.95153061482917,199.7696650968053,99.31595988293408,376.3290975103735,88.71005679561884,378.8289113658098
Bridge,136.44459831269452,379.96607103783066,129.35432655682706,364.5446587400318,141.06552630539258,372.78807707347323,131.17941385482854,350.92992505591934,121.0713999894645,367.3771268599261,189.50767042231263,340.22743573327284,146.00660395325468,366.01915794784105,193.99834470630188,387.6996495417045,200.50526852429658,402.1781509842616,280.94773668471214,399.7271842481685,288.4775692001913,401.945786852065,228.56561177993717,322.04250478150936,225.77950568614662,333.7049048965897,220.3654530632051,405.63436167863404,234.06262219694145,406.82283773461825,373.1256698671713,389.1141266249028,358.86060152805703,390.8844943857787
Bridge,320.48591835370206,212.8907516289549,327.25426764903716,176.81938582930823,326.33563789589283,176.7187158101822,326.6189068679493,175.94676987264168,300.52713734480363,46.18684681619352,205.7402836336635,114.68621408296323,246.01519256211915,112.43629455566408,295.8847615728734,88.29318636185896,131.93254747826037,215.90738573509628,339.9568296567038,211.95472622313443,343.43124326333964,206.1712494529629,208.85964547944764,104.60273457760634,174.3522897300879,115.04867363767508,122.65751470668684,221.12589159447128,128.89697442905538,220.93009157299502,348.9440348138453,382.4232742499514,362.0466493472025,392.41376061657166
Bridge,66.80707812803911,366.8754862551868,62.17089134627853,352.77813796680493,59.68129882179355,364.1541983576731,81.98325762610219,323.9249708246888,59.112564656744354,379.1885375976563,125.23341673538401,380.2876769259758,65.32729611851863,364.96532012812827,393.995451234683,197.9472053496175,385.49301337404376,202.22718488131324,214.68215562495948,413.0441816021298,222.5218650216384,421.17895229228805,215.005629290189,375.953705973645,202.06682513858277,401.0372557580719,398.50996341942766,198.47151253727958,398.0030360558221,196.5518017527474,398.1069351132975,385.5280895945442,412.7306483098581,397.3926211788447
Bridge,176.35316967469532,234.36312853548043,152.71263597417175,236.32461104650218,176.1952000534881,229.2011941616961,163.85034901472542,219.14305627593362,164.7382237604545,238.11351412064803,217.091524749376,251.99325055007617,216.27214043961524,247.44616306669,460.2527539265106,108.4671653652587,269.6623742827736,130.21467533349002,424.2815199729319,260.14397648854873,333.84286714292665,279.3105509271266,271.33454128914354,224.3026954999109,289.14164309679717,127.94967904625099,410.84172418997986,248.8331774952996,270.38944608443006,138.5674535980858,418.28408775487884,279.0766355902328,418.3504413272337,281.7519571771266
Bridge,153.95868071876626,331.2202865157385,150.33555723324855,331.4210567236936,142.8426370581156,329.7005807710387,154.3937778077185,340.39610550116697,121.777862928715,342.96876266289553,168.90278099978119,370.4563314983954,110.57643969523956,397.1459796319859,348.10654256353735,206.30314933808518,126.47404809215752,408.70571532190104,59.46563784017603,402.6393019806795,53.53691765876232,390.2656270260633,177.9889150279192,421.5830886017732,150.62643977121695,434.6101056490697,347.68379179768544,200.6611487677484,350.14393913300705,200.07441350533261,358.58033999367865,366.9747950130479,360.3932234261541,369.50762736846804
Bridge,214.53206865619327,220.27279232547488,199.5431417251524,210.95524388230197,203.4566887186771,198.40549136593137,207.44910972246987,190.47997502370492,189.31650818630868,201.98502283373313,258.4868941564283,189.82343554991408,264.0956229688716,189.41258790582052,111.63120348918487,136.73095386552617,105.055243147854,137.9613124483354,300.4232066300895,277.209966509174,297.10818722040335,276.41074786047716,259.74724797292373,185.37803111729286,167.1932109658649,184.02951189096538,125.90841237934794,277.9934198529889,125.59640654884434,279.93381864302387,350.5841963518705,374.22240324534823,350.7206707079876,372.4555810952088
Bridge,348.68814935328066,378.6790776549534,345.2971842279078,359.4278675886605,345.7611527185718,362.04541471489233,340.8860012703417,368.28942516532686,337.5810172053294,365.6707067212624,277.00489091675314,304.6314350302289,296.2824081484213,301.7406542766144,163.63482653352733,275.67151967915265,172.9932761291251,277.0434494335127,171.36800932191716,384.03804668252405,167.0024444453449,377.90746411841934,284.6333357308416,355.62849242657546,286.7339834632716,357.76779364748126,168.83028592311496,287.9482918260503,176.43304088798303,288.2168401821026,172.47941583024019,371.3832871053229,170.54025167251527,369.7419225922264
Bridge,327.72738508169084,366.87241550303116,340.40424141151783,361.8625941612909,336.3177667514912,357.2943596424403,336.2546105602471,357.7725738905278,333.73624556292145,352.26991265641215,268.20981354139656,310.33527801640304,226.25004305384468,279.3209661586651,304.1702840338109,425.611440571512,153.17574971939027,263.7665459723888,159.53426440227082,407.34201644960785,153.117389599812,400.82762152327547,288.48003846481134,356.31570776468493,280.0229021127788,353.18993532806013,154.1154473649021,421.8863966059389,147.51049690721442,261.9794157036113,150.2836235331302,400.1481938658909,146.6563687779597,393.0827413851789
Bridge,121.08973744499241,325.8224107417824,122.730381755908,316.0469086833021,115.85919392059454,328.17698118597644,142.76263921587298,337.64904861133624,111.60542658255804,408.44907008760697,158.13271930108922,402.94362301648414,184.70602708238783,419.7908773461813,459.63394988127266,111.62294886418894,196.7558168276712,428.3128477231101,421.89269639644385,273.1391621823133,272.96536394174666,336.6818249967584,260.0519330669736,458.01474543527945,249.20209512671002,463.0462203283033,452.8461630413642,98.97009663562064,460.0870599390561,98.808431031793,425.520331038479,254.29033144875683,422.4464131588758,268.6627336557476
Bridge,367.14156534661896,306.91810069737096,368.76561335013616,306.4423557139037,373.9249834875843,293.4960329681017,372.28118136710646,314.2984477316196,359.66156132488334,291.32175049841163,293.9049178633948,291.40440754870656,300.70179033081564,282.5469970703125,290.1758534285043,348.682704308221,137.59597208490015,156.88887473458573,250.90631508728282,358.3660204875519,118.93046050645503,329.94345510648986,265.40526710605235,336.48824098199236,261.2971705519807,324.79294899588314,114.40581009101078,140.23020257593686,119.21058749756874,141.66972053496175,140.55739596671586,317.74889680854517,126.13465875016209,319.5462048795708
Bridge,387.79164547742164,389.88523364561723,405.22132968506884,381.1469176992836,408.7784319992383,383.70684865104715,417.8641544832728,362.9415045140689,413.82510236684715,350.09031177061723,358.97361787028336,354.5110552142765,371.764915118079,355.0726546291494,355.8637057102568,399.8999694570961,354.53375345443794,393.5991026059226,279.8501485610899,392.4227196151289,285.246568102065,386.0447673876751,345.4104221708053,349.2472478462948,331.11243030342325,314.9399816742577,345.3009830965541,401.4559227401289,336.74545604658334,390.8379265876232,58.6577134508315,372.97729238929605,58.621671684550066,372.14407386621497
Bridge,118.07425091375455,291.74412137739887,121.71999349633688,293.58711084389586,127.47203462846052,306.58180585046034,123.89039795428393,289.99075355371497,111.80091003164713,306.27526880794545,223.18454599974066,205.73844751381776,241.0865878663123,209.90890882816555,351.3162383400058,141.5878865728735,151.32717275025934,302.34897977583637,350.3480016937889,309.3512127508267,247.6794610874287,318.15347631937243,262.28171067613783,201.29535405962298,208.3823809485218,388.6015959300442,367.3473373982917,132.54447398838659,365.34944906274313,133.36965157283294,370.8321662364659,298.71567848807064,368.7976504757197,301.4517186588272
Bridge,113.41639475209094,305.47696821917145,115.41482126069764,311.94280094130903,124.5921439649653,303.3368122528203,125.53684345419478,305.96977645430826,145.38935111271397,307.396694832323,144.09523485112487,366.9261694943757,162.35389551186464,374.4350132605842,347.1507788693757,166.34204278843038,196.6177121237601,223.68605997552518,352.477805743079,355.77414738192107,348.45613345071,376.32738801948267,193.2376212598872,356.6092653393252,183.27877630336656,382.40111418284823,331.96581448756814,101.52726549330588,330.36234368921816,98.81636908440176,357.3560912579422,365.93466477770033,358.7809835726789,370.0903105043277
Bridge,121.86782488684437,306.6944423058221,116.32309909678101,307.6312433139912,112.18325824658405,299.20655563164553,76.6198803280399,284.5034777376167,139.57850665966998,301.33157943788905,119.00222746663073,345.94134572135965,138.92532285318336,336.94730260065484,370.4180895540229,78.04249332158892,164.92044282652037,381.79250376847773,273.58147712169347,297.52248550351726,271.45164141516466,294.80081771913905,184.54571482551543,342.28534619343236,154.6746408296324,332.84588572395296,375.67312786687967,78.26780580386088,377.3215202869716,75.64372937214327,396.1024620720955,328.37556704446,398.368582191309,329.46261330758887
